{"FRB": "180924", "range": [7338, 8423], "data": {"1": {"Adjusted R^2": 0.8619352714788215, "Burst range": [7874, 8004], "Burst width (ms)": 2.4761904761904763, "Condition": 4367.7096508793775, "Fluence": [1.2068232940205605, 0.1983657897519441], "Initial params": [0.002156718336200039, 0.0002857142857205223, 0.01904761904761905, 0.01904761904761905], "Linear polarisation fluence": [1.0450401466107206, 0.02496186007989425], "Linear polarisation fraction": [0.8659429692719508, 0.14383024946894257], "Params": [0.023750750710054832, -0.10233323202576249, 0.07219874155269508, 0.6653375841088133], "Tau_obs (ms)": [0.6653375841088133, 0.018192152628174946], "Total polarisation fluence": [1.1151125219083424, 0.02020816833514097], "Total polarisation fraction": [0.924006461785568, 0.15279941953935938], "Uncertainties": [0.0003881059115947652, 0.003904608363478852, 0.005132830831108484, 0.018192152628174946]}, "2": {"Adjusted R^2": 0.8656160588647495, "Burst range": [7873, 8024], "Burst width (ms)": 2.8761904761904766, "Condition": 760536.1889939317, "Fluence": [1.2406629787149555, 0.1983657897519441], "Initial params": [0.002156718336200039, 0.0002857142857205223, 0.01904761904761905, 0.0019777408080318597, 0.09552380952381577, 0.01904761904761905, 0.01904761904761905], "Linear polarisation fluence": [1.096865852047432, 0.026867948559356345], "Linear polarisation fraction": [0.8840965442392223, 0.1430047515244873], "Params": [0.019367798450691674, -0.09025225562567352, 0.07659721979772428, 0.005567737711790973, 0.9468371034748806, 0.8750838348326749, 0.4960179148825563], "Tau_obs (ms)": [0.4960179148825563, 0.03480768764541657], "Total polarisation fluence": [1.1818826534688212, 0.022124654481481407], "Total polarisation fraction": [0.9526218431156724, 0.1533521798961664], "Uncertainties": [0.001110743793266776, 0.004811069768949337, 0.005424925592714635, 0.0012699859423933857, 0.1926288455479214, 0.13965019434167614, 0.03480768764541657]}, "4": {"Adjusted R^2": 0.8639163313710759, "Burst range": [7872, 8005], "Burst width (ms)": 2.5333333333333337, "Condition": 9.650723812874902e+17, "Fluence": [1.2290114694853997, 0.1983657897519441], "Initial params": [0.002156718336200039, 0.0002857142857205223, 0.01904761904761905, 0.0019777408080318597, 0.09552380952381577, 0.01904761904761905, 0.001884375342851887, 0.05742857142857767, 0.01904761904761905, 0.0018039877074282268, 0.13361904761905385, 0.01904761904761905, 0.01904761904761905], "Linear polarisation fluence": [1.0590249131043754, 0.02539492030664621], "Linear polarisation fraction": [0.8616883889194301, 0.14060540652437228], "Params": [0.006404550517971954, -0.20295638600895566, 0.027590177602953188, 0.0054497996084621, -0.11420004878319247, 0.00299516730251857, 0.000409573334519786, -0.6007452461692905, 0.0036143177106732903, 0.011786488108823939, -0.049710154293414646, 0.025839117055988323, 0.6744820744040884], "Tau_obs (ms)": [0.6744820744040884, 0.017418772828350408], "Total polarisation fluence": [1.1312770249129855, 0.020681190429423735], "Total polarisation fraction": [0.9204771908163423, 0.14951746543729066], "Uncertainties": [0.0015870826123246808, 0.013620414287597034, 0.01618724676789928, 79.62026714518356, 10508.908847249542, 147533.01835812876, 0.0005263070711874245, 0.8344009816163445, 0.3515595502636952, 0.0020259703993526184, 0.00831697383685515, 0.009331723021465663, 0.017418772828350408]}, "5": {"Adjusted R^2": 0.8629719621306929, "Burst range": [7872, 8005], "Burst width (ms)": 2.5333333333333337, "Condition": Infinity, "Fluence": [1.2290114694853997, 0.1983657897519441], "Initial params": [0.002156718336200039, 0.0002857142857205223, 0.01904761904761905, 0.0019777408080318597, 0.09552380952381577, 0.01904761904761905, 0.001884375342851887, 0.05742857142857767, 0.01904761904761905, 0.0018039877074282268, 0.13361904761905385, 0.01904761904761905, 0.0015100795750539481, 0.22885714285714912, 0.01904761904761905, 0.01904761904761905], "Linear polarisation fluence": [1.0590249131043754, 0.02539492030664621], "Linear polarisation fraction": [0.8616883889194301, 0.14060540652437228], "Params": [0.006337503703195959, -0.2035806447097958, 0.02944565516620489, 0.00013223102460617562, -0.5640244143107332, 4.226911143470728e-05, 0.0002996269066379658, -0.9616751707004028, 0.0030453184790141235, 0.0173590271987793, -0.07083173832646539, 0.04023844220770398, 6.9570549347584e-38, 0.31445775722167224, 0.006190400841149934, 0.6736186939828899], "Tau_obs (ms)": [0.6736186939828899, 0.026694618406839943], "Total polarisation fluence": [1.1312770249129855, 0.020681190429423735], "Total polarisation fraction": [0.9204771908163423, 0.14951746543729066], "Uncertainties": [0.0018370903591248006, 0.015077464452274938, 0.01679619648688996, 529.3529896930047, 2696599.830023771, 2934358.6638844125, 0.0011819831023161475, 2.713883029600682, 0.8686704589921129, 0.0018379849075979703, 0.007436939323514392, 0.008277642614405832, 0.000517770947425655, 0.0, 0.0, 0.026694618406839943]}, "6": {"Adjusted R^2": 0.8625646397358037, "Burst range": [7872, 8005], "Burst width (ms)": 2.5333333333333337, "Condition": Infinity, "Fluence": [1.2290114694853997, 0.1983657897519441], "Initial params": [0.002156718336200039, 0.0002857142857205223, 0.01904761904761905, 0.0019777408080318597, 0.09552380952381577, 0.01904761904761905, 0.001884375342851887, 0.05742857142857767, 0.01904761904761905, 0.0018039877074282268, 0.13361904761905385, 0.01904761904761905, 0.0015100795750539481, 0.22885714285714912, 0.01904761904761905, 0.001313040822670587, 0.2669523809523872, 0.01904761904761905, 0.01904761904761905], "Linear polarisation fluence": [1.0590249131043754, 0.02539492030664621], "Linear polarisation fraction": [0.8616883889194301, 0.14060540652437228], "Params": [0.0173756881230737, -0.07089384996749781, 0.0402765453319053, 3.933407334571497e-43, 0.053121635111945065, 0.17132662151171188, 0.006267279941457131, -0.20325548406517938, 0.028887592117962664, 4.0851187481966516e-38, -0.6089288873834922, 0.07923391851739497, 0.0004042425453971417, -0.6010528553370824, 0.004006964679225762, 2.6399866731555417e-36, -0.548975256494605, 3.601703517003933e-05, 0.6736389847068838], "Tau_obs (ms)": [0.6736389847068838, 0.026516765272551847], "Total polarisation fluence": [1.1312770249129855, 0.020681190429423735], "Total polarisation fraction": [0.9204771908163423, 0.14951746543729066], "Uncertainties": [0.00239804718758938, 0.007407576457818626, 0.008979933948781755, 0.0015476866727928737, 3.9741663595934806e-15, 2.0045358296048596e-15, 0.001800618978338541, 0.015036431272158196, 0.01671123879931187, 0.0018584737984131618, 6.136210848842514e-17, 2.0743405252380432e-17, 0.0014316499157797289, 0.5908997512723312, 0.29828024595496805, 0.0009605909535562084, 0.0, 0.0, 0.026516765272551847]}, "7": {"Adjusted R^2": 0.866373488052915, "Burst range": [7872, 8021], "Burst width (ms)": 2.8380952380952382, "Condition": 1.218840271171697e+39, "Fluence": [1.2477918485261221, 0.1983657897519441], "Initial params": [0.002156718336200039, 0.0002857142857205223, 0.01904761904761905, 0.0019777408080318597, 0.09552380952381577, 0.01904761904761905, 0.001884375342851887, 0.05742857142857767, 0.01904761904761905, 0.0018039877074282268, 0.13361904761905385, 0.01904761904761905, 0.0015100795750539481, 0.22885714285714912, 0.01904761904761905, 0.001313040822670587, 0.2669523809523872, 0.01904761904761905, 0.0012240233590323246, 0.36219047619048245, 0.01904761904761905, 0.01904761904761905], "Linear polarisation fluence": [1.0962101324489288, 0.026697955637195424], "Linear polarisation fraction": [0.8785200301987548, 0.14129081397588478],