{"FRB": "180924", "range": [7338, 8423], "data": {"1": {"Adjusted R^2": 0.8619352714788215, "Burst range": [7874, 8004], "Burst width (ms)": 2.4761904761904763, "Condition": 4367.7096508793775, "Fluence": [1.2068232940205605, 0.1983657897519441], "Initial params": [0.002156718336200039, 0.0002857142857205223, 0.01904761904761905, 0.01904761904761905], "Linear polarisation fluence": [1.0450401466107206, 0.02496186007989425], "Linear polarisation fraction": [0.8659429692719508, 0.14383024946894257], "Params": [0.023750750710054832, -0.10233323202576249, 0.07219874155269508, 0.6653375841088133], "Tau_obs (ms)": [0.6653375841088133, 0.018192152628174946], "Total polarisation fluence": [1.1151125219083424, 0.02020816833514097], "Total polarisation fraction": [0.924006461785568, 0.15279941953935938], "Uncertainties": [0.0003881059115947652, 0.003904608363478852, 0.005132830831108484, 0.018192152628174946]}, "2": {"Adjusted R^2": 0.8656160588647495, "Burst range": [7873, 8024], "Burst width (ms)": 2.8761904761904766, "Condition": 760536.1889939317, "Fluence": [1.2406629787149555, 0.1983657897519441], "Initial params": [0.002156718336200039, 0.0002857142857205223, 0.01904761904761905, 0.0019777408080318597, 0.09552380952381577, 0.01904761904761905, 0.01904761904761905], "Linear polarisation fluence": [1.096865852047432, 0.026867948559356345], "Linear polarisation fraction": [0.8840965442392223, 0.1430047515244873], "Params": [0.019367798450691674, -0.09025225562567352, 0.07659721979772428, 0.005567737711790973, 0.9468371034748806, 0.8750838348326749, 0.4960179148825563], "Tau_obs (ms)": [0.4960179148825563, 0.03480768764541657], "Total polarisation fluence": [1.1818826534688212, 0.022124654481481407], "Total polarisation fraction": [0.9526218431156724, 0.1533521798961664], "Uncertainties": [0.001110743793266776, 0.004811069768949337, 0.005424925592714635, 0.0012699859423933857, 0.1926288455479214, 0.13965019434167614, 0.03480768764541657]}, "4": {"Adjusted R^2": 0.8639163577520184, "Burst range": [7872, 8005], "Burst width (ms)": 2.5333333333333337, "Condition": 7293565115.180197, "Fluence": [1.2290114694853997, 0.1983657897519441], "Initial params": [0.002156718336200039, 0.0002857142857205223, 0.01904761904761905, 0.0019777408080318597, 0.09552380952381577, 0.01904761904761905, 0.001884375342851887, 0.05742857142857767, 0.01904761904761905, 0.0018039877074282268, 0.13361904761905385, 0.01904761904761905, 0.01904761904761905], "Linear polarisation fluence": [1.0590249131043754, 0.02539492030664621], "Linear polarisation fraction": [0.8616883889194301, 0.14060540652437228], "Params": [0.005450540136160093, -0.11429126177586667, 0.004245193038524034, 0.006404535229572456, -0.2029562726486263, 0.02759006099686152, 0.000409598039416272, -0.6007470872540627, 0.0035573366983652284, 0.011786433008405966, -0.04970995017317812, 0.025838984369415112, 0.6744820584036587], "Tau_obs (ms)": [0.6744820584036587, 0.017409666564959934], "Total polarisation fluence": [1.1312770249129855, 0.020681190429423735], "Total polarisation fraction": [0.9204771908163423, 0.14951746543729066], "Uncertainties": [0.009671272954317548, 0.9563053467838422, 12.768536203040034, 0.0015778179208272938, 0.013555990319674778, 0.01613186168709625, 0.0005777664888608931, 0.9407099628281534, 0.3906045575373168, 0.0021536257639069487, 0.008683674832033776, 0.00950388184411025, 0.017409666564959934]}, "5": {"Adjusted R^2": 0.8661513179941018, "Burst range": [7872, 8030], "Burst width (ms)": 3.00952380952381, "Condition": 1.6449406387157796e+24, "Fluence": [1.2552395612444522, 0.1983657897519441], "Initial params": [0.002156718336200039, 0.0002857142857205223, 0.01904761904761905, 0.0019777408080318597, 0.09552380952381577, 0.01904761904761905, 0.001884375342851887, 0.05742857142857767, 0.01904761904761905, 0.0018039877074282268, 0.13361904761905385, 0.01904761904761905, 0.0015100795750539481, 0.22885714285714912, 0.01904761904761905, 0.01904761904761905], "Linear polarisation fluence": [1.1134037753128987, 0.03010512329283293], "Linear polarisation fraction": [0.8870050066053234, 0.14221058250598015], "Params": [0.00469485383901861, -0.20514122309302138, 0.026760748369449496, 0.016025618637986728, -0.06722949160250613, 0.04672811426288644, 0.00025909957863772367, -0.6005685447453919, 0.0035832977846355176, 3.534793085592572e-36, -1.7275235558600432, 1.0936326494165806e-05, 0.004105565352193831, 1.1720512444103643, 0.8643341880251632, 0.5485427239232085], "Tau_obs (ms)": [0.5485427239232085, 0.05925791390171131], "Total polarisation fluence": [1.2017424492904758, 0.023141659596030355], "Total polarisation fraction": [0.9573809545160136, 0.15241424957888103], "Uncertainties": [0.0017488742619023476, 0.014517611196836781, 0.016756954684866016, 0.0017519557222306272, 0.0073495154254524415, 0.00866485817668677, 0.0005894226880806839, 1.027065197359925, 0.4262445039852866, 0.00025010407319723464, 9.21260467245443e-16, 2.1663698137633325e-16, 0.0026053700814538403, 0.5445187651192416, 0.38046888536052204, 0.05925791390171131]}, "6": {"Adjusted R^2": 0.8687925406480428, "Burst range": [7873, 8032], "Burst width (ms)": 3.028571428571429, "Condition": 2.910716936110821e+20, "Fluence": [1.2491407363343208, 0.1983657897519441], "Initial params": [0.002156718336200039, 0.0002857142857205223, 0.01904761904761905, 0.0019777408080318597, 0.09552380952381577, 0.01904761904761905, 0.001884375342851887, 0.05742857142857767, 0.01904761904761905, 0.0018039877074282268, 0.13361904761905385, 0.01904761904761905, 0.0015100795750539481, 0.22885714285714912, 0.01904761904761905, 0.001313040822670587, 0.2669523809523872, 0.01904761904761905, 0.01904761904761905], "Linear polarisation fluence": [1.1099139785955083, 0.03051152278868836], "Linear polarisation fraction": [0.8885419763449699, 0.14320063264450414], "Params": [0.006976672543278896, -0.043281920466778395, 0.03441366154298686, 0.0027500653853113747, -0.20051086084278497, 0.027975870162803965, 0.004822876551657176, 1.5525579480558398, 0.9058625723876663, 0.0018536732055805278, 0.096021564259332, 0.02500932778837045, 0.002140042620614327, -0.11415698084564907, 0.0020552992924578427, 0.006457365020925895, 0.5038015335438123, 0.3333742433235296, 0.2667726882610037], "Tau_obs (ms)": [0.2667726882610037, 0.10447105772281065], "Total polarisation fluence": [1.1984930454872875, 0.02324296517693065], "Total polarisation fraction": [0.9594539755418897, 0.15349499692486057], "Uncertainties": [0.0023422822378966496, 0.007581712532888052, 0.011632644879154915, 0.001483663636275293, 0.010608652361144652, 0.01405068938628577, 0.00217966247317475, 0.5381566865312079, 0.30395317454469717, 0.0006448193463022742, 0.014582985527547228, 0.022756979999451414, 1344.4145338239327, 184496.75866955204, 2194238.456966965, 0.005377445089459525, 0.152477271365413, 0.17328777599358747, 0.10447105772281065]}, "7": {"Adjusted R^2": 0.866373488052915, "Burst range": [7872, 8021], "Burst width (ms)": 2.8380952380952382, "Condition": 1.218840271171697e+39, "Fluence": [1.2477918485261221, 0.1983657897519441], "Initial params": [0.002156718336200039, 0.0002857142857205223, 0.01904761904761905, 0.0019777408080318597, 0.09552380952381577, 0.01904761904761905, 0.001884375342851887, 0.05742857142857767, 0.01904761904761905, 0.0018039877074282268, 0.13361904761905385, 0.01904761904761905, 0.0015100795750539481, 0.22885714285714912, 0.01904761904761905, 0.001313040822670587, 0.2669523809523872, 0.01904761904761905, 0.0012240233590323246, 0.36219047619048245, 0.01904761904761905, 0.01904761904761905], "Linear polarisation fluence": [1.0962101324489288, 0.026697955637195424], "Linear polarisation fraction": [0.8785200301987548, 0.14129081397588478],