{"FRB": "190102", "range": [39075, 40158], "data": {"1": {"Adjusted R^2": 0.9420436017554525, "Burst range": [39603, 39646], "Burst width (ms)": 0.16380952380952382, "Condition": 293.47006911195086, "Fluence": [3.2108297233199345, 0.9074176241349442], "Initial params": [0.0019721093494414026, -9.523809524363882e-05, 0.0038095238095238095, 0.0038095238095238095], "Linear polarisation fluence": [2.5631386770698104, 0.02119547962930219], "Linear polarisation fraction": [0.7982792293387566, 0.22569950217503226], "Params": [0.011428571428571427, -0.02225981342452119, 0.022829910143043412, 0.034824756113957474], "Tau_obs (ms)": [0.034824756113957474, 0.001347572663305192], "Total polarisation fluence": [2.5864996825655364, 0.0211918561094059], "Total polarisation fraction": [0.8055549205179111, 0.22775479223811967], "Uncertainties": [0.00012100444498290166, 0.0006820453267114447, 0.000607482364113647, 0.001347572663305192]}, "2": {"Adjusted R^2": 0.9564642421055364, "Burst range": [39601, 39654], "Burst width (ms)": 0.2019047619047619, "Condition": 1661.4162444541198, "Fluence": [3.3325349938585562, 0.9074176241349442], "Initial params": [0.0019721093494414026, -9.523809524363882e-05, 0.0038095238095238095, 0.0019065649284928773, -0.007714285714291258, 0.0038095238095238095, 0.0038095238095238095], "Linear polarisation fluence": [2.651668700681301, 0.026129004882420058], "Linear polarisation fraction": [0.7956911797079381, 0.21680097337467408], "Params": [0.0031849918773512865, -0.016068874208486135, 0.006474019656292282, 0.010152735797728896, -0.03196160803284315, 0.026254821215230553, 0.045006424949939706], "Tau_obs (ms)": [0.045006424949939706, 0.0014274159614869452], "Total polarisation fluence": [2.6823632455921618, 0.024422479311157493], "Total polarisation fraction": [0.8049017491295427, 0.21928959155040678], "Uncertainties": [0.0005015200287663069, 0.0007449354398235961, 0.0011701212442407757, 0.00047941885842911475, 0.0016765409148183064, 0.0009567903729368016, 0.0014274159614869452]}, "3": {"Adjusted R^2": 0.9571893541969725, "Burst range": [39601, 39648], "Burst width (ms)": 0.17904761904761904, "Condition": 851698.2192464527, "Fluence": [3.2811890966338315, 0.9074176241349442], "Initial params": [0.0019721093494414026, -9.523809524363882e-05, 0.0038095238095238095, 0.0019065649284928773, -0.007714285714291258, 0.0038095238095238095, 0.0011456145747275786, 0.030380952380946836, 0.0038095238095238095, 0.0038095238095238095], "Linear polarisation fluence": [2.614754407359858, 0.02291841279718269], "Linear polarisation fraction": [0.7968923248106401, 0.22049239352481642], "Params": [0.0033025235830717817, -0.01479896697148502, 0.008280715358530108, 0.005061161603583833, -0.03880569240781787, 0.02206705615673813, 0.004768750073192613, 0.0076541276426002145, 0.038876877156610125, 0.03004878025212548], "Tau_obs (ms)": [0.03004878025212548, 0.005005692810200389], "Total polarisation fluence": [2.6387757495386692, 0.022729984603634408], "Total polarisation fraction": [0.8042132506918869, 0.22251420414793796], "Uncertainties": [0.0014428095490446454, 0.0008734894430863292, 0.0019180027378777832, 0.005727576528501684, 0.011825161303556757, 0.009475204169810576, 0.0048980302658680665, 0.03645391641280007, 0.015177561177085372, 0.005005692810200389]}, "4": {"Adjusted R^2": 0.9572377896588675, "Burst range": [39601, 39651], "Burst width (ms)": 0.19047619047619047, "Condition": 2.6096564891357057e+21, "Fluence": [3.3096355753777034, 0.9074176241349442], "Initial params": [0.0019721093494414026, -9.523809524363882e-05, 0.0038095238095238095, 0.0019065649284928773, -0.007714285714291258, 0.0038095238095238095, 0.0011456145747275786, 0.030380952380946836, 0.0038095238095238095, 0.0009705121312982082, -0.034380952380957924, 0.0038095238095238095, 0.0038095238095238095], "Linear polarisation fluence": [2.633095973930245, 0.02532092582273812], "Linear polarisation fraction": [0.7955848654514628, 0.2182631982039136], "Params": [0.005289485219764269, -0.014395821490047781, 0.00902067936459575, 0.006005774630103214, -0.04046852258839447, 0.018188345639803094, 0.0015144928392152367, 0.027139817046630196, 0.016300828983589772, 0.0003652685722253152, -0.07674716889841994, 0.000408325578938557, 0.03876843069998134], "Tau_obs (ms)": [0.03876843069998134, 0.002720548595706832], "Total polarisation fluence": [2.663441158974642, 0.023560068710472965], "Total polarisation fraction": [0.8047536045326331, 0.22075770853094367], "Uncertainties": [0.002389253577928349, 0.0012216894156965176, 0.0019911205896029193, 0.0024458551321638678, 0.00814994259527935, 0.005661676222857683, 0.0006314100116124658, 0.005879187789743032, 0.0070881483063463206, 10010.201401668714, 1072352.6812589185, 940119.3503730512, 0.002720548595706832]}, "5": {"Adjusted R^2": 0.9571624044137348, "Burst range": [39601, 39651], "Burst width (ms)": 0.19047619047619047, "Condition": 2.085687575694067e+19, "Fluence": [3.3096355753777034, 0.9074176241349442], "Initial params": [0.0019721093494414026, -9.523809524363882e-05, 0.0038095238095238095, 0.0019065649284928773, -0.007714285714291258, 0.0038095238095238095, 0.0011456145747275786, 0.030380952380946836, 0.0038095238095238095, 0.0009705121312982082, -0.034380952380957924, 0.0038095238095238095, 0.0009621527574406308, 0.04561904761904208, 0.0038095238095238095, 0.0038095238095238095], "Linear polarisation fluence": [2.633095973930245, 0.02532092582273812], "Linear polarisation fraction": [0.7955848654514628, 0.2182631982039136], "Params": [0.006732779082311382, -0.01509276852914432, 0.00983537435022225, 0.004468195159100706, -0.04388669029879698, 0.013467177673651527, 0.000862862403524443, 0.022695222699119357, 0.008245007516040041, 0.0007527236909051145, -0.07595039739308354, 0.007432360937623072, 0.0003905912386170049, 0.04216469374796769, 0.0005330180540516495, 0.039722551366670876], "Tau_obs (ms)": [0.039722551366670876, 0.0017779479232677888], "Total polarisation fluence": [2.663441158974642, 0.023560068710472965], "Total polarisation fraction": [0.8047536045326331, 0.22075770853094367], "Uncertainties": [0.0024944236748083944, 0.0028395127775963118, 0.001979037801847196, 0.0031449284552438972, 0.00651430819738836, 0.009436028306897716, 0.000373236352331428, 0.00388031719782853, 0.006111447953620377, 0.0008853852538789407, 0.00814929558772979, 0.006214758043973035, 701.2755249520887, 69882.44324692542, 107032.21046638543, 0.0017779479232677888]}, "6": {"Adjusted R^2": 0.9574696927682637, "Burst range": [39601, 39649], "Burst width (ms)": 0.18285714285714286, "Condition": 9.471526700057616e+21, "Fluence": [3.294297259769385, 0.9074176241349442], "Initial params": [0.0019721093494414026, -9.523809524363882e-05, 0.0038095238095238095, 0.0019065649284928773, -0.007714285714291258, 0.0038095238095238095, 0.0011456145747275786, 0.030380952380946836, 0.0038095238095238095, 0.0009705121312982082, -0.034380952380957924, 0.0038095238095238095, 0.0009621527574406308, 0.04561904761904208, 0.0038095238095238095, 0.0006982535110850759, 0.057047619047613504, 0.0038095238095238095, 0.0038095238095238095], "Linear polarisation fluence": [2.6256396704629097, 0.023162441205924186], "Linear polarisation fraction": [0.7970257276195882, 0.21965413014118457], "Params": [0.006702108325566597, -0.014947390268347266, 0.010640936864411027, 0.003576483738515394, -0.044499581577468895, 0.012306095272255768, 0.001300898896181505, 0.022621765259403966, 0.00985269640758935, 0.0007603265283586738, -0.07467430271638881, 0.008461307343364125, 0.0004580174693686536, 0.04200700240114434, 0.00026338929132515047, 0.00036125708535283626, 0.07686649603134786, 0.0023357303228107493, 0.0328560424511516], "Tau_obs (ms)": [0.0328560424511516, 0.002546753488724099], "Total polarisation fluence": [2.6501285498207805, 0.022974383036269738], "Total polarisation fraction": [0.8044594463847203, 0.22169891304694747],