{"FRB": "190608", "range": [346, 1231], "data": {"1": {"Adjusted R^2": 0.6413162558002814, "Burst range": [781, 827], "Burst width (ms)": 8.761904761904763, "Condition": 146.98908512436037, "Fluence": [4.003101707851566, 0.5663766241170354], "Initial params": [0.12331074775191653, -0.0002857142857075295, 0.1904761904761905, 0.1904761904761905], "Linear polarisation fluence": [3.8254261145638284, 0.10304666084531006], "Linear polarisation fraction": [0.9556155186016758, 0.1376334071075252], "Params": [0.5714285714285714, -0.8196550513020677, 0.6219302517809302, 2.1777804172561264], "Tau_obs (ms)": [2.1777804172561264, 0.19378686507434958], "Total polarisation fluence": [3.889905338929613, 0.10042960998525444], "Total polarisation fraction": [0.9717228346459614, 0.13975393954084783], "Uncertainties": [0.02331933698150454, 0.06611238573025469, 0.07654282776671167, 0.19378686507434958]}, "2": {"Adjusted R^2": 0.6955434353741832, "Burst range": [781, 850], "Burst width (ms)": 13.142857142857144, "Condition": 201.1767241549522, "Fluence": [4.26187691583449, 0.5663766241170354], "Initial params": [0.12331074775191653, -0.0002857142857075295, 0.1904761904761905, 0.10663859387396477, 0.3806666666666735, 0.1904761904761905, 0.1904761904761905], "Linear polarisation fluence": [4.405591655589148, 0.13140970103763705], "Linear polarisation fraction": [1.033720997249053, 0.140792811908656], "Params": [0.3785135180248933, -0.4868292586333129, 0.19960006709229194, 0.4703872902817917, -1.4717753748466835, 0.1862179987178051, 3.4226299008184538], "Tau_obs (ms)": [3.4226299008184538, 0.1788271115652373], "Total polarisation fluence": [4.546648550440225, 0.12762359064030251], "Total polarisation fraction": [1.0668183620103389, 0.14490147372918524], "Uncertainties": [0.05097685077021717, 0.06820635261626865, 0.08968047772684389, 0.05616939953262918, 0.051307908033322934, 0.066532377743699, 0.1788271115652373]}, "3": {"Adjusted R^2": 0.6952779847315007, "Burst range": [781, 844], "Burst width (ms)": 12.000000000000002, "Condition": 6102.036564158916, "Fluence": [4.267462952938703, 0.5663766241170354], "Initial params": [0.12331074775191653, -0.0002857142857075295, 0.1904761904761905, 0.10663859387396477, 0.3806666666666735, 0.1904761904761905, 0.1033934001533491, 0.7616190476190544, 0.1904761904761905, 0.1904761904761905], "Linear polarisation fluence": [4.2664737413682206, 0.12441955701055303], "Linear polarisation fraction": [0.9997681967995056, 0.13585434911271277], "Params": [0.34254497315695964, -0.49610761045099355, 0.192668868294634, 0.42918858993231285, -1.4684694648682106, 0.18793386904464301, 0.0638327462323865, 1.2352769773663956, 0.45843052843113385, 3.070974348574997], "Tau_obs (ms)": [3.070974348574997, 0.3112824798352449], "Total polarisation fluence": [4.39462377275256, 0.12086828173776067], "Total polarisation fraction": [1.029797756000738, 0.13957838056874175], "Uncertainties": [0.0609919756007016, 0.06877728363207619, 0.09206154857475925, 0.059242907233494735, 0.05122247840447108, 0.06624529596739728, 0.05516945790225809, 0.5783602943868049, 0.8375463927731572, 0.3112824798352449]}, "4": {"Adjusted R^2": 0.6905745206663159, "Burst range": [781, 972], "Burst width (ms)": 36.38095238095239, "Condition": 806319.3357507507, "Fluence": [4.770270620659936, 0.5663766241170354], "Initial params": [0.12331074775191653, -0.0002857142857075295, 0.1904761904761905, 0.10663859387396477, 0.3806666666666735, 0.1904761904761905, 0.1033934001533491, 0.7616190476190544, 0.1904761904761905, 0.08736710148896554, 1.1425714285714355, 0.1904761904761905, 0.1904761904761905], "Linear polarisation fluence": [6.775903111561787, 0.31824733467385063], "Linear polarisation fraction": [1.420444174008808, 0.18136619002517243], "Params": [0.11133303742791707, 24.591130394127358, 10.29415823500694, 0.07423918249360303, 5.1656293143250895, 1.67356284381221, 0.5578311192039573, -0.9835727932347913, 0.621795048168749, 0.18902387427489414, 1.265226438712808, 0.9925177250203927, 1.883455173665085], "Tau_obs (ms)": [1.883455173665085, 4.06617066504942], "Total polarisation fluence": [7.531680153954861, 0.24709900827089631], "Total polarisation fraction": [1.5788790097851728, 0.1944861973237479], "Uncertainties": [0.0751521428651191, 6.2094909314943925, 8.883672696506743, 0.3936933263459558, 4.89125405420496, 5.580335835556416, 0.884002111930883, 0.24217356906810197, 0.1225701033971694, 0.488292177321196, 1.4906960744445696, 1.5972044037729136, 4.06617066504942]}, "5": {"Adjusted R^2": 0.6937710646962595, "Burst range": [781, 842], "Burst width (ms)": 11.61904761904762, "Condition": 768872896865.0331, "Fluence": [4.2462680998763505, 0.5663766241170354], "Initial params": [0.12331074775191653, -0.0002857142857075295, 0.1904761904761905, 0.10663859387396477, 0.3806666666666735, 0.1904761904761905, 0.1033934001533491, 0.7616190476190544, 0.1904761904761905, 0.08736710148896554, 1.1425714285714355, 0.1904761904761905, 0.08612002009261183, -1.1431428571428506, 0.1904761904761905, 0.1904761904761905], "Linear polarisation fluence": [4.222051771547149, 0.121910255339269], "Linear polarisation fraction": [0.9942970326508808, 0.13569353144088214], "Params": [0.21736627886614965, -0.37281847878912927, 0.12551210304730473, 0.1220405314375251, -0.6965677106548346, 0.06939931802518048, 0.033871999143806224, 1.9996974036795387, 0.028771370453021923, 0.040839274478936455, 1.0961074301445224, 0.028635835875748444, 0.417582176131724, -1.4663291452040048, 0.1891245547534838, 2.9609253482930455], "Tau_obs (ms)": [2.9609253482930455, 0.28796869670234587], "Total polarisation fluence": [4.348012957707223, 0.11842816457572093], "Total polarisation fraction": [1.023961006568058, 0.13939673105031464], "Uncertainties": [14.533371021697956, 10.758906692712891, 4.375979908805068, 14.216022522683147, 27.629390747134476, 24.08268895475653, 0.20438714578661366, 17.690080260482524, 5.497572372352582, 88.30935999454638, 6440.186576261587, 3945.5822071037137, 0.06500556702183237, 0.05843936462806992, 0.07243265735799172, 0.28796869670234587]}, "6": {"Adjusted R^2": 0.6950806794278347, "Burst range": [782, 973], "Burst width (ms)": 36.38095238095239, "Condition": 4.0689415917102096e+27, "Fluence": [4.719809138846086, 0.5663766241170354], "Initial params": [0.12331074775191653, -0.0002857142857075295, 0.1904761904761905, 0.10663859387396477, 0.3806666666666735, 0.1904761904761905, 0.1033934001533491, 0.7616190476190544, 0.1904761904761905, 0.08736710148896554, 1.1425714285714355, 0.1904761904761905, 0.08612002009261183, -1.1431428571428506, 0.1904761904761905, 0.08419906458371093, 1.5235238095238164, 0.1904761904761905, 0.1904761904761905], "Linear polarisation fluence": [6.767257710395499, 0.318461954605866], "Linear polarisation fraction": [1.4337990184175073, 0.18481300795941064], "Params": [0.34467224866056084, -0.491187921712587, 0.1951340776518653, 2.664342445278328e-35, -9.439711037874554, 3.245313135890807, 0.09992402130859829, 24.96258664880947, 9.279081343828464, 0.20237665293721716, -1.3186139207471734, 0.03165489680451291, 0.22594527275589538, -1.6080620782471222, 0.08852181719830025, 0.058000737664024755, 1.1883936115819487, 0.14047120057050522, 3.0528853179900635], "Tau_obs (ms)": [3.0528853179900635, 0.2867608945750631], "Total polarisation fluence": [7.520424587599731, 0.24722750331609936], "Total polarisation fraction": [1.5933747247750674, 0.19824991643976278], "Uncertainties": [0.05621311423002351, 0.0698924840205942, 0.09200068534888217, 0.025652365086628943, 6.506440520566657e-08, 3.2057741042988644e-08, 0.0512587103640891, 5.512489003345067, 6.31132625325607, 656.2123251684553, 9681.363037144267, 20880.60608570703, 13.266634007787507, 10.925051387357668, 6.5610560715865205, 0.03520148236579834, 0.26377678837635704, 0.38121724124279166, 0.2867608945750631]}, "7": {"Adjusted R^2": 0.6916400309738409, "Burst range": [781, 842], "Burst width (ms)": 11.61904761904762, "Condition": 342663729281562.2,