{"FRB": "191001", "range": [244, 1327], "data": {"1": {"Adjusted R^2": 0.9688590223552883, "Burst range": [783, 865], "Burst width (ms)": 15.61904761904762, "Condition": 2535.440745864025, "Fluence": [0.9308624369685327, 0.02661886645206416], "Initial params": [0.02324239414032856, 0.00028571428572918414, 0.1904761904761905, 0.1904761904761905], "Linear polarisation fluence": [0.5204481134402178, 0.006543293927921821], "Linear polarisation fraction": [0.5591031421733169, 0.01746508264475046], "Params": [0.18190652704067217, -0.5390446131338662, 0.20768792415330312, 4.256974825964409], "Tau_obs (ms)": [4.256974825964409, 0.04858292984964025], "Total polarisation fluence": [0.5311136274540332, 0.00640194086212733], "Total polarisation fraction": [0.5705608115240633, 0.017705972073563912], "Uncertainties": [0.001360250893159069, 0.007066707534481113, 0.009678849948895478, 0.04858292984964025]}, "2": {"Adjusted R^2": 0.9697445693395967, "Burst range": [783, 864], "Burst width (ms)": 15.42857142857143, "Condition": 25074.002107272678, "Fluence": [0.9292442945991488, 0.02661886645206416], "Initial params": [0.02324239414032856, 0.00028571428572918414, 0.1904761904761905, 0.022684453733969392, 0.5717142857143007, 0.1904761904761905, 0.1904761904761905], "Linear polarisation fluence": [0.5182517154531591, 0.006504742227653146], "Linear polarisation fraction": [0.5577130991982243, 0.017442360422446655], "Params": [0.09599746186223614, -0.6170637452143807, 0.10128954432749877, 0.08473982851562104, -0.3844824654140718, 0.29108036909225204, 4.170042849296055], "Tau_obs (ms)": [4.170042849296055, 0.050868928503534985], "Total polarisation fluence": [0.5287835324025126, 0.006362896689363492], "Total polarisation fraction": [0.5690468431991995, 0.01768053405836787], "Uncertainties": [0.026347250230555532, 0.018457747109172334, 0.030031030656299414, 0.02648948401871389, 0.09293897183379399, 0.042047277012904255, 0.050868928503534985]}, "3": {"Adjusted R^2": 0.9728511401305499, "Burst range": [783, 875], "Burst width (ms)": 17.523809523809526, "Condition": 2812043.590200836, "Fluence": [0.9481212039441589, 0.02661886645206416], "Initial params": [0.02324239414032856, 0.00028571428572918414, 0.1904761904761905, 0.022684453733969392, 0.5717142857143007, 0.1904761904761905, 0.010718300722749624, 3.6193333333333486, 0.1904761904761905, 0.1904761904761905], "Linear polarisation fluence": [0.5305917821959382, 0.00713891319142847], "Linear polarisation fraction": [0.5596244235322346, 0.01742270083193213], "Params": [0.10723857293486998, -0.5921729718066171, 0.13581819953665175, 0.04867904823043833, -0.06278298656814053, 0.4035085494297809, 0.031847784017851176, 7.149551455270391, 4.871857581882331, 3.2601640643469167], "Tau_obs (ms)": [3.2601640643469167, 0.12800223225083776], "Total polarisation fluence": [0.5431765988828794, 0.006931877382173859], "Total polarisation fraction": [0.5728978495821834, 0.017668016567597724], "Uncertainties": [0.02033472232137285, 0.009662721376635585, 0.023467233698249643, 0.020777085524645664, 0.22178521785254235, 0.12929504428964456, 0.005584835791811887, 0.8344702548792284, 0.6034121594610542, 0.12800223225083776]}, "4": {"Adjusted R^2": 0.9732241835969861, "Burst range": [783, 881], "Burst width (ms)": 18.666666666666668, "Condition": 5388860.200250071, "Fluence": [0.9565079284114933, 0.02661886645206416], "Initial params": [0.02324239414032856, 0.00028571428572918414, 0.1904761904761905, 0.022684453733969392, 0.5717142857143007, 0.1904761904761905, 0.010718300722749624, 3.6193333333333486, 0.1904761904761905, 0.008604458740109674, 4.19076190476192, 0.1904761904761905, 0.1904761904761905], "Linear polarisation fluence": [0.5354947966769616, 0.007689598297981543], "Linear polarisation fraction": [0.5598435525425042, 0.01753185787824291], "Params": [0.10822193549922983, -0.5905475141581717, 0.14108920855931167, 0.04904730757553754, -0.029747813494173436, 0.42844568082058015, 0.025522518090082075, 6.691485103440866, 3.0866156110515743, 0.005460265464905234, 16.244244682482172, 1.2813357010480166, 3.2132565699757194], "Tau_obs (ms)": [3.2132565699757194, 0.2504332769157796], "Total polarisation fluence": [0.550031646916027, 0.007217395041839219], "Total polarisation fraction": [0.5750413881351555, 0.017692655020139322], "Uncertainties": [0.019902634455127483, 0.009664527772967786, 0.022023756906201234, 0.018186405900230854, 0.20488805356752748, 0.12347371098814747, 0.009228511304560776, 0.884794642426606, 0.9717297553009929, 0.0014377783914067085, 0.6317891581313054, 0.7415483736527401, 0.2504332769157796]}, "5": {"Adjusted R^2": 0.9732733145694697, "Burst range": [783, 880], "Burst width (ms)": 18.476190476190478, "Condition": 7658212.385856848, "Fluence": [0.9554590478352624, 0.02661886645206416], "Initial params": [0.02324239414032856, 0.00028571428572918414, 0.1904761904761905, 0.022684453733969392, 0.5717142857143007, 0.1904761904761905, 0.010718300722749624, 3.6193333333333486, 0.1904761904761905, 0.008604458740109674, 4.19076190476192, 0.1904761904761905, 0.00774233813786016, 4.571714285714301, 0.1904761904761905, 0.1904761904761905], "Linear polarisation fluence": [0.5347913710383498, 0.007632243245075804], "Linear polarisation fraction": [0.5597219182234978, 0.017520642826482757], "Params": [0.09799165769928139, -0.5831454630302041, 0.14933692103197047, 0.04731215728536909, 0.0816415856799283, 0.46790709260635666, 0.007409253536906304, 2.8262178971302183, 0.5860721877920004, 0.028914518276904024, 6.889292970095757, 2.922501445361379, 0.006314392150013595, 16.209468413004327, 1.5145485640157481, 2.772773299639666], "Tau_obs (ms)": [2.772773299639666, 0.5696235711781613], "Total polarisation fluence": [0.549063741947511, 0.00716984485034096], "Total polarisation fraction": [0.5746596289935171, 0.017681279380834573], "Uncertainties": [0.027039914047536747, 0.010158401344789384, 0.0205806120440156, 0.015346259213056837, 0.1815359372018087, 0.15042922031651332, 0.00744973700929742, 0.4003488195282136, 0.6094804877186919, 0.012485040377255136, 0.8921257282750851, 0.9488754331652475, 0.0017528276133128723, 0.622318087752957, 0.7649636653266397, 0.5696235711781613]}, "6": {"Adjusted R^2": 0.9732947345063008, "Burst range": [783, 881], "Burst width (ms)": 18.666666666666668, "Condition": 17595674.3433049, "Fluence": [0.9565079284114933, 0.02661886645206416], "Initial params": [0.02324239414032856, 0.00028571428572918414, 0.1904761904761905, 0.022684453733969392, 0.5717142857143007, 0.1904761904761905, 0.010718300722749624, 3.6193333333333486, 0.1904761904761905, 0.008604458740109674, 4.19076190476192, 0.1904761904761905, 0.00774233813786016, 4.571714285714301, 0.1904761904761905, 0.007063596303093153, 5.143142857142872, 0.1904761904761905, 0.1904761904761905], "Linear polarisation fluence": [0.5354947966769616, 0.007689598297981543], "Linear polarisation fraction": [0.5598435525425042, 0.01753185787824291], "Params": [0.09894350307667026, -0.5835103738410262, 0.14915096948854262, 0.04749010417021794, 0.07683403527863172, 0.4679197099211323, 0.004802503936844744, 2.584422597127096, 0.09188010821454892, 0.00557298191912298, 9.50122976193919, 0.6413398403536885, 0.007993717974245652, 15.644245433276101, 2.112793670328303, 0.02325079690384191, 5.598668129787, 2.2665568191266043, 2.804448076883713], "Tau_obs (ms)": [2.804448076883713, 0.4315918522519712], "Total polarisation fluence": [0.550031646916027, 0.007217395041839219], "Total polarisation fraction": [0.5750413881351555, 0.017692655020139322], "Uncertainties": [0.022693456201441243, 0.009756814212785903, 0.020526380059091156, 0.01516800710858057, 0.18276092515432224, 0.1417798977871078, 0.002488469890036132, 0.12706496011560497, 0.12765421584637823, 0.006766047715834446, 0.4110849807885234, 0.6789535553920751, 0.0018067984213633627, 0.6295846096557944, 0.8047886456388174, 0.02050866289196106, 0.8159352316217975, 1.9331820710653642, 0.4315918522519712]},