{"FRB": "191228", "range": [0, 1575], "data": {"1": {"Adjusted R^2": 0.82642409221609, "Burst range": [780, 896], "Burst width (ms)": 22.0952380952381, "Condition": 70985.59562255684, "Fluence": [0.24917888603937793, 0.014069088391143118], "Initial params": [0.004342175983563773, -0.00019047619047168633, 0.1904761904761905, 0.1904761904761905], "Linear polarisation fluence": [0.22407778802438372, 0.004680002232421444], "Linear polarisation fraction": [0.8992647474512449, 0.05413651249809268], "Params": [0.04970048156108029, -0.9176301121833915, 0.3905749131743263, 6.007713109814918], "Tau_obs (ms)": [6.007713109814918, 0.1483311313882463], "Total polarisation fluence": [0.23782764097065212, 0.004297849308710872], "Total polarisation fraction": [0.9544453976452404, 0.05658264270340123], "Uncertainties": [0.0007840809271565969, 0.02482814773509643, 0.03363111567172171, 0.1483311313882463]}, "2": {"Adjusted R^2": 0.8273524291615979, "Burst range": [780, 890], "Burst width (ms)": 20.952380952380953, "Condition": 13689667.1561981, "Fluence": [0.2475787758420546, 0.014069088391143118], "Initial params": [0.004342175983563773, -0.00019047619047168633, 0.1904761904761905, 0.004229126623271149, 0.7617142857142903, 0.1904761904761905, 0.1904761904761905], "Linear polarisation fluence": [0.22073547684719322, 0.004506667457348808], "Linear polarisation fraction": [0.891576735915415, 0.05383612418383516], "Params": [0.04172239695888993, -0.9845176300350835, 0.31285883063953596, 0.007319163125856434, 0.32884426665644667, 0.696232894727068, 5.663012241674081], "Tau_obs (ms)": [5.663012241674081, 0.19482677358830894], "Total polarisation fluence": [0.23430145951159773, 0.004133426367275203], "Total polarisation fraction": [0.9463713467146018, 0.05631106392695074], "Uncertainties": [0.009195395476833373, 0.054536531450059, 0.05800946344690335, 0.009057660779991315, 1.1994968229544445, 0.9212608903725147, 0.19482677358830894]}, "3": {"Adjusted R^2": 0.8272851534624381, "Burst range": [777, 889], "Burst width (ms)": 21.333333333333336, "Condition": 1512637990.3226833, "Fluence": [0.25098774056483497, 0.014069088391143118], "Initial params": [0.004342175983563773, -0.00019047619047168633, 0.1904761904761905, 0.004229126623271149, 0.7617142857142903, 0.1904761904761905, 0.004222628873835181, 0.3807619047619093, 0.1904761904761905, 0.1904761904761905], "Linear polarisation fluence": [0.22382371400967574, 0.0045364008222964275], "Linear polarisation fraction": [0.8917715004962872, 0.053155350483346415], "Params": [0.007475142623193624, 0.3052562410677706, 0.7019858069818623, 0.0014986710768738784, -15.471504252954961, 8.472627609776094, 0.04126717811233614, -0.9831428748472208, 0.3083647142072378, 5.658181572334943], "Tau_obs (ms)": [5.658181572334943, 0.20428352501378924], "Total polarisation fluence": [0.2375944461866517, 0.004165918293381649], "Total polarisation fraction": [0.9466376550980444, 0.05559900235872248], "Uncertainties": [0.009580262551679429, 1.2455762040849028, 0.9372128347150248, 0.0016033506195701755, 11.543632749386008, 13.459854448000529, 0.00977369412531079, 0.053939110420683396, 0.06010284637417701, 0.20428352501378924]}, "4": {"Adjusted R^2": 0.827175566956585, "Burst range": [777, 889], "Burst width (ms)": 21.333333333333336, "Condition": 3.0564398483270114e+20, "Fluence": [0.25098774056483497, 0.014069088391143118], "Initial params": [0.004342175983563773, -0.00019047619047168633, 0.1904761904761905, 0.004229126623271149, 0.7617142857142903, 0.1904761904761905, 0.004222628873835181, 0.3807619047619093, 0.1904761904761905, 0.003924194525430556, 1.9045714285714332, 0.1904761904761905, 0.1904761904761905], "Linear polarisation fluence": [0.22382371400967574, 0.0045364008222964275], "Linear polarisation fraction": [0.8917715004962872, 0.053155350483346415], "Params": [0.03512667383642765, -1.0298273056777028, 0.27491378204759404, 0.0026562241954484023, 1.3099507112754194, 0.021337214070220357, 0.010837818048621063, -0.42309338596170293, 0.45902364820601416, 0.0015285986463218675, -15.175046561042977, 8.596943653588085, 5.618547383672557], "Tau_obs (ms)": [5.618547383672557, 0.1902474661850296], "Total polarisation fluence": [0.2375944461866517, 0.004165918293381649], "Total polarisation fraction": [0.9466376550980444, 0.05559900235872248], "Uncertainties": [0.07810050984770922, 0.19117926490746012, 0.20060890250835642, 1158.379588563273, 2458809.7484702347, 2254277.162623776, 0.0787979205627416, 3.708587776010185, 1.6568859096025708, 0.0016723264680982594, 11.939795573136303, 13.757987765214068, 0.1902474661850296]}, "5": {"Adjusted R^2": 0.8279391871698305, "Burst range": [696, 1077], "Burst width (ms)": 72.57142857142858, "Condition": 167020418798.5434, "Fluence": [0.2741665280819397, 0.014069088391143118], "Initial params": [0.004342175983563773, -0.00019047619047168633, 0.1904761904761905, 0.004229126623271149, 0.7617142857142903, 0.1904761904761905, 0.004222628873835181, 0.3807619047619093, 0.1904761904761905, 0.003924194525430556, 1.9045714285714332, 0.1904761904761905, 0.0038147207303755623, 1.5236190476190523, 0.1904761904761905, 0.1904761904761905], "Linear polarisation fluence": [0.35028740260990754, 0.01006781852855591], "Linear polarisation fraction": [1.2776446674964557, 0.07514675089654448], "Params": [0.0031081931156122103, 1.3074937140812515, 0.042059803240428, 0.004654474896878773, 4.726390100705723, 46.063450704493135, 0.03366982267099106, -1.0252926200337245, 0.275314310612726, 0.010422822619653976, -0.39092466196331865, 0.47306278778214034, 0.0029812599481017677, 29.50576546318109, 25.085008643753902, 5.334783289561122], "Tau_obs (ms)": [5.334783289561122, 0.23687734376409372], "Total polarisation fluence": [0.39469741108449685, 0.00856182488101556], "Total polarisation fraction": [1.4396265432027293, 0.08020496123512225], "Uncertainties": [0.014779820168307426, 23.935338213887505, 38.73371770515109, 0.01827313537509554, 116.78179725264461, 52.63073150444106, 0.0686956013456492, 0.17157144403959002, 0.19453490814938712, 0.06972571135845336, 3.5465352302125064, 1.7027356865686847, 0.018752742735127836, 49.87260145976936, 61.625237593593035, 0.23687734376409372]}, "6": {"Adjusted R^2": 0.8265491443341699, "Burst range": [780, 890], "Burst width (ms)": 20.952380952380953, "Condition": Infinity, "Fluence": [0.2475787758420546, 0.014069088391143118], "Initial params": [0.004342175983563773, -0.00019047619047168633, 0.1904761904761905, 0.004229126623271149, 0.7617142857142903, 0.1904761904761905, 0.004222628873835181, 0.3807619047619093, 0.1904761904761905, 0.003924194525430556, 1.9045714285714332, 0.1904761904761905, 0.0038147207303755623, 1.5236190476190523, 0.1904761904761905, 0.0032644355298333543, 2.285523809523814, 0.1904761904761905, 0.1904761904761905], "Linear polarisation fluence": [0.22073547684719322, 0.004506667457348808], "Linear polarisation fraction": [0.891576735915415, 0.05383612418383516], "Params": [0.012733120358322867, -0.7721931477740435, 0.03093468076140083, 0.0016346685145784735, -1.700256336305315, 0.03047392388854301, 0.01843724552817922, -1.1881375881563419, 0.0970048337429058, 0.013422112683716321, -0.4834266581933673, 0.4554691174548654, 0.0026848616345229175, 1.304889682236707, 0.026076466415327397, 4.465822710980438e-38, 6.568426230905133, 0.25852491441555886, 5.625435243541659], "Tau_obs (ms)": [5.625435243541659, 0.31175605612462365], "Total polarisation fluence": [0.23430145951159773, 0.004133426367275203], "Total polarisation fraction": [0.9463713467146018, 0.05631106392695074], "Uncertainties": [709.6128484280871, 318763.5926217795, 960345.7010169828, 354.92261205254124, 1207292.9754898676, 2617685.155421622, 0.041385022808056345, 0.47617361583429263, 0.32555685100195764, 0.04146215409230591, 1.732231447235096, 0.9645423690368011, 947.7010390922535, 1994157.1032906016, 1832681.660285496, 0.0010377127889311859, 0.0, 0.0, 0.31175605612462365]}, "7": {"Adjusted R^2": 0.8277086059781381,