{"FRB": "200430", "range": [0, 1575], "data": {"1": {"Adjusted R^2": 0.7934851047524366, "Burst range": [781, 918], "Burst width (ms)": 26.0952380952381, "Condition": 29369.56741251835, "Fluence": [0.47967094901105956, 0.027243123096579527], "Initial params": [0.007012017247695695, 9.52380952574978e-05, 0.1904761904761905, 0.1904761904761905], "Linear polarisation fluence": [0.2307214943442823, 0.03112352506575239], "Linear polarisation fraction": [0.4809995160640063, 0.07040162253359895], "Params": [0.09647813062838334, -2.2138480309424593, 0.74435652246583, 7.041717741956316], "Tau_obs (ms)": [7.041717741956316, 0.20356645135762663], "Total polarisation fluence": [0.25232950915352026, 0.010087739212248781], "Total polarisation fraction": [0.5260470947297299, 0.036536602731500584], "Uncertainties": [0.0016739885426212003, 0.04314210130362345, 0.05682383608100899, 0.20356645135762663]}, "2": {"Adjusted R^2": 0.7938411814754327, "Burst range": [770, 918], "Burst width (ms)": 28.190476190476193, "Condition": 7448041.321482465, "Fluence": [0.49018336283053837, 0.027243123096579527], "Initial params": [0.007012017247695695, 9.52380952574978e-05, 0.1904761904761905, 0.0068225303551261735, -0.7618095238095045, 0.1904761904761905, 0.1904761904761905], "Linear polarisation fluence": [0.2410993206685314, 0.0313299767616278], "Linear polarisation fraction": [0.4918553728064451, 0.06951519679197746], "Params": [0.0027118194511692585, -21.62147431710288, 0.037731265411665424, 0.09626126444126669, -2.211238425709646, 0.7409653707755216, 7.042047636543616], "Tau_obs (ms)": [7.042047636543616, 0.20332779575958793], "Total polarisation fluence": [0.26398572700686446, 0.010640741407697333], "Total polarisation fraction": [0.5385448528536191, 0.03697409531805196], "Uncertainties": [0.0014849370559597075, 3.0119788766573374, 1.2044394514910102, 0.0016622689151584076, 0.043011246169926035, 0.056832886017835496, 0.20332779575958793]}, "3": {"Adjusted R^2": 0.7940389337367713, "Burst range": [453, 1249], "Burst width (ms)": 151.61904761904762, "Condition": 6816837639.335892, "Fluence": [0.5370990505629365, 0.027243123096579527], "Initial params": [0.007012017247695695, 9.52380952574978e-05, 0.1904761904761905, 0.0068225303551261735, -0.7618095238095045, 0.1904761904761905, 0.006513434807996918, -1.333238095238076, 0.1904761904761905, 0.1904761904761905], "Linear polarisation fluence": [0.8204230108056637, 0.04712396237756974], "Linear polarisation fraction": [1.5275078403988498, 0.11705124872332431], "Params": [0.02194782693516673, -1.251865663049922, 1.0768346936842337, 0.016637551451121477, 19.701631687038258, 92.76241514670902, 0.07167835739704553, -2.3539620180471066, 0.5958719543239698, 6.643341282559308], "Tau_obs (ms)": [6.643341282559308, 0.2760708034409085], "Total polarisation fluence": [0.983915295558943, 0.02573849957409692], "Total polarisation fraction": [1.8319065999608375, 0.10454877434104826], "Uncertainties": [0.08228813271663464, 4.016365431146638, 1.3748665457881128, 0.008511098859237048, 50.924559295780405, 65.9756748691791, 0.08195260942910805, 0.14225243345941577, 0.28847584560542266, 0.2760708034409085]}, "4": {"Adjusted R^2": 0.7949111947516703, "Burst range": [478, 1259], "Burst width (ms)": 148.7619047619048, "Condition": 2.477285749504176e+18, "Fluence": [0.5428672016017559, 0.027243123096579527], "Initial params": [0.007012017247695695, 9.52380952574978e-05, 0.1904761904761905, 0.0068225303551261735, -0.7618095238095045, 0.1904761904761905, 0.006513434807996918, -1.333238095238076, 0.1904761904761905, 0.006327040393701024, 0.3810476190476385, 0.1904761904761905, 0.1904761904761905], "Linear polarisation fluence": [0.8050786270112256, 0.047012028455654165], "Linear polarisation fraction": [1.4830120969471026, 0.11418527517615454], "Params": [0.0079017123248994, -0.40232671023147204, 0.02670759910471844, 0.003985403105305509, 84.53335321232075, 1.931506610566939, 0.08621767476795901, -2.289713513787516, 0.6378348459969816, 0.010365622930877061, -25.516627500285868, 64.43664905555538, 6.756628797283485], "Tau_obs (ms)": [6.756628797283485, 0.22875732088733336], "Total polarisation fluence": [0.9655239645591274, 0.025594908989167903], "Total polarisation fraction": [1.7785638213366035, 0.10094237058513963], "Uncertainties": [1470.7085863801317, 1263762.706785708, 1564396.6859749225, 0.0015998654351805463, 1.690442766365246, 2.257035135207068, 0.003907474715520767, 0.05157038872744473, 0.06590766428859247, 0.006338666456777462, 45.266975734613844, 46.844150169432346, 0.22875732088733336]}, "5": {"Adjusted R^2": 0.7935314651756102, "Burst range": [728, 923], "Burst width (ms)": 37.142857142857146, "Condition": 1439140495808372.0, "Fluence": [0.4944613862990427, 0.027243123096579527], "Initial params": [0.007012017247695695, 9.52380952574978e-05, 0.1904761904761905, 0.0068225303551261735, -0.7618095238095045, 0.1904761904761905, 0.006513434807996918, -1.333238095238076, 0.1904761904761905, 0.006327040393701024, 0.3810476190476385, 0.1904761904761905, 0.005949782473696962, 2.095333333333353, 0.1904761904761905, 0.1904761904761905], "Linear polarisation fluence": [0.2863270584437047, 0.032237476556983724], "Linear polarisation fraction": [0.5790685913551569, 0.07258497407934573], "Params": [0.00700565821003649, -0.4207089291381248, 0.03406796901207388, 0.0018785416258549027, 19.32647042330027, 0.03163226742092333, 0.08209722478642364, -2.2807609303908403, 0.6370770832586645, 0.0053203646979227874, -17.184706823623447, 19.670987018262924, 0.0036359092342103053, 1.8101512231787513, 0.01842268633626144, 6.384504836744829], "Tau_obs (ms)": [6.384504836744829, 0.48183832292947854], "Total polarisation fluence": [0.32327925669638613, 0.012125164363965503], "Total polarisation fraction": [0.6538008136814788, 0.04357664543965814], "Uncertainties": [0.25726984769189937, 234.08131696102976, 199.1974952990011, 0.004958868511920095, 17.141097089682148, 6.118408070330383, 0.006800754017361782, 0.05711379914388842, 0.0707476246246222, 0.006753730426899454, 31.202634155614128, 24.486419747855905, 15.151573108245632, 26609.612468810803, 5315.475921330064, 0.48183832292947854]}, "6": {"Adjusted R^2": 0.7927532332754306, "Burst range": [720, 919], "Burst width (ms)": 37.904761904761905, "Condition": 1.410347872282591e+28, "Fluence": [0.4933183039571981, 0.027243123096579527], "Initial params": [0.007012017247695695, 9.52380952574978e-05, 0.1904761904761905, 0.0068225303551261735, -0.7618095238095045, 0.1904761904761905, 0.006513434807996918, -1.333238095238076, 0.1904761904761905, 0.006327040393701024, 0.3810476190476385, 0.1904761904761905, 0.005949782473696962, 2.095333333333353, 0.1904761904761905, 0.005382634522846484, 1.333428571428591, 0.1904761904761905, 0.1904761904761905], "Linear polarisation fluence": [0.28738780126004604, 0.03219078964890412], "Linear polarisation fraction": [0.5825605880721197, 0.07275323791202379], "Params": [0.00753164143317379, -0.4014572280272828, 0.027642154222790993, 8.584555574184718e-16, 0.15562069696258146, 2.6550703561690234, 0.07421753408682284, -2.264004707328847, 0.6396055739028811, 0.0042730655566377155, -23.60425733299192, 19.230500661840367, 0.00821366117353932, 8.697904043303797, 8.984441742071608, 0.005563095342530358, 2.2524066731087733, 0.9725503055241361, 5.672173670606631], "Tau_obs (ms)": [5.672173670606631, 1.4987961804049683], "Total polarisation fluence": [0.3236407861838166, 0.012289349293800655], "Total polarisation fraction": [0.6560486071319517, 0.04396799723271444], "Uncertainties": [805.7004676172629, 610750.0008809421, 814208.67755717, 0.044837701524308986, 0.002301794640718755, 0.00026804040539483634, 0.023282079739819113, 0.06979313713204782, 0.11423664126650546, 0.013608647666566229, 72.9201804272429, 52.63970791686789, 0.021856887835867016, 16.365415473211932, 10.859414450107044, 0.021755630734112935, 1.689113993840806, 2.629309256516386, 1.4987961804049683]}, "9": {"Adjusted R^2": 0.7931397502381484,