{"FRB": "210117", "range": [3251, 4644], "data": {"1": {"Adjusted R^2": 0.8358346744734384, "Burst range": [3932, 3989], "Burst width (ms)": 2.1714285714285717, "Condition": 26640.51908501568, "Fluence": [0.44363392212813474, 0.051281752777670775], "Initial params": [0.002245740068413503, 0.0, 0.0380952380952381, 0.0380952380952381], "Linear polarisation fluence": [0.4268012544544362, 0.004476605588797857], "Linear polarisation fraction": [0.9620573025774237, 0.11166563944265734], "Params": [0.018063953110896414, -0.12485325112005467, 0.3452856915485183, 0.4297315872399148], "Tau_obs (ms)": [0.4297315872399148, 0.029101185371547864], "Total polarisation fluence": [0.42974556757241844, 0.0044561449042734074], "Total polarisation fraction": [0.9686941104749314, 0.11242557213220955], "Uncertainties": [0.0002758581582485684, 0.016184282379960183, 0.013078214476269024, 0.029101185371547864]}, "2": {"Adjusted R^2": 0.8824662311090016, "Burst range": [3894, 4003], "Burst width (ms)": 4.152380952380953, "Condition": 81098.70226761607, "Fluence": [0.5436886170604522, 0.051281752777670775], "Initial params": [0.002245740068413503, 0.0, 0.0380952380952381, 0.0022301206961705144, -0.0761904761904762, 0.0380952380952381, 0.0380952380952381], "Linear polarisation fluence": [0.5249980327440886, 0.006578529161232396], "Linear polarisation fraction": [0.9656226308039747, 0.09187958693221682], "Params": [0.01703423558018063, -0.206289979971564, 0.1609879005090672, 0.005256639973934254, -1.8251680817216378, 0.44633640262272783, 0.6687077418849818], "Tau_obs (ms)": [0.6687077418849818, 0.018796288103818698], "Total polarisation fluence": [0.5347147052768417, 0.006361971200421745], "Total polarisation fraction": [0.9834943909031432, 0.09350018444232729], "Uncertainties": [0.00024519542637821683, 0.006112331880647586, 0.007679331471451308, 0.00027826301670784366, 0.038243870521850645, 0.04732898174554197, 0.018796288103818698]}, "3": {"Adjusted R^2": 0.9125055854054112, "Burst range": [3893, 3980], "Burst width (ms)": 3.3142857142857145, "Condition": 216765.94791953856, "Fluence": [0.5298363229636542, 0.051281752777670775], "Initial params": [0.002245740068413503, 0.0, 0.0380952380952381, 0.0022301206961705144, -0.0761904761904762, 0.0380952380952381, 0.0016384478026819325, 0.1904761904761905, 0.0380952380952381, 0.0380952380952381], "Linear polarisation fluence": [0.5034700757031678, 0.005654812938389468], "Linear polarisation fraction": [0.9502369956196923, 0.09258864196994376], "Params": [0.010095215611306467, -0.18731692670218944, 0.1467262118986318, 0.004967380968935721, -1.5997331338688339, 0.5679418886296305, 0.006193994566750762, 0.41824945909672956, 0.1781635721509307, 0.28468023485280486], "Tau_obs (ms)": [0.28468023485280486, 0.023801581139432905], "Total polarisation fluence": [0.5092396848415317, 0.00553937100305361], "Total polarisation fraction": [0.96112641351783, 0.09361107491078287], "Uncertainties": [0.0005018493904827523, 0.0060909938682163324, 0.006569132168648991, 0.00024228684690125938, 0.03813863901453286, 0.04012573454823498, 0.00042932168588378605, 0.010933454215679027, 0.019893467940737552, 0.023801581139432905]}, "4": {"Adjusted R^2": 0.912501603806084, "Burst range": [3893, 3980], "Burst width (ms)": 3.3142857142857145, "Condition": 436949476972974.44, "Fluence": [0.5298363229636542, 0.051281752777670775], "Initial params": [0.002245740068413503, 0.0, 0.0380952380952381, 0.0022301206961705144, -0.0761904761904762, 0.0380952380952381, 0.0016384478026819325, 0.1904761904761905, 0.0380952380952381, 0.0015977055447342068, 0.4571428571428572, 0.0380952380952381, 0.0380952380952381], "Linear polarisation fluence": [0.5034700757031678, 0.005654812938389468], "Linear polarisation fraction": [0.9502369956196923, 0.09258864196994376], "Params": [0.010174766070988757, -0.18714831681240954, 0.14583234444094198, 0.004980725327636354, -1.600604240295911, 0.569002219280293, 0.00037933747252887604, 0.185230702417533, 0.006296970732498545, 0.005714508542939437, 0.43548215783419203, 0.16259063687918135, 0.2879917879512102], "Tau_obs (ms)": [0.2879917879512102, 0.02310752685804524], "Total polarisation fluence": [0.5092396848415317, 0.00553937100305361], "Total polarisation fraction": [0.96112641351783, 0.09361107491078287], "Uncertainties": [0.0004455459191396978, 0.006105740704709606, 0.0065452037595420225, 0.00024321302878346375, 0.03777468580292587, 0.04019496072338165, 1.26151563296606, 982.7771670867353, 1149.6089571124573, 0.0005606735804188483, 0.016490503627921562, 0.023624702607279727, 0.02310752685804524]}, "5": {"Adjusted R^2": 0.912477890302968, "Burst range": [3893, 3979], "Burst width (ms)": 3.2761904761904765, "Condition": 268225101443443.2, "Fluence": [0.5267174872392519, 0.051281752777670775], "Initial params": [0.002245740068413503, 0.0, 0.0380952380952381, 0.0022301206961705144, -0.0761904761904762, 0.0380952380952381, 0.0016384478026819325, 0.1904761904761905, 0.0380952380952381, 0.0015977055447342068, 0.4571428571428572, 0.0380952380952381, 0.0015652318985101882, 0.6095238095238096, 0.0380952380952381, 0.0380952380952381], "Linear polarisation fluence": [0.5015924687588101, 0.005622759342178329], "Linear polarisation fraction": [0.9522988716168651, 0.09332931498482329], "Params": [0.010306798754078193, -0.18342152613488702, 0.1493319991356528, 0.004956674128366024, -1.6011198964032707, 0.5661459868126061, 0.0005532968330665754, 0.1855835912425262, 0.006391430852454673, 0.002527627155008225, 0.3507020262333919, 0.09059906786345095, 0.0028911336688957853, 0.5482306398671711, 0.12326308275963559, 0.2845609236123413], "Tau_obs (ms)": [0.2845609236123413, 0.027049378431006892], "Total polarisation fluence": [0.5072214927888377, 0.005507036118916114], "Total polarisation fraction": [0.9629858606886189, 0.09433845503278211], "Uncertainties": [0.00039904518996206897, 0.007951608481935482, 0.007203455205042572, 0.00024318029765003246, 0.03841146575389572, 0.03986876192199115, 1.2158992130438515, 643.5189176459846, 816.7013680192999, 0.006798483968982021, 0.1274404216282404, 0.09785693039013504, 0.006529346715566278, 0.2911459123096405, 0.13480695173016907, 0.027049378431006892]}, "6": {"Adjusted R^2": 0.9124442868690856, "Burst range": [3893, 3980], "Burst width (ms)": 3.3142857142857145, "Condition": 2.388937442137238e+22, "Fluence": [0.5298363229636542, 0.051281752777670775], "Initial params": [0.002245740068413503, 0.0, 0.0380952380952381, 0.0022301206961705144, -0.0761904761904762, 0.0380952380952381, 0.0016384478026819325, 0.1904761904761905, 0.0380952380952381, 0.0015977055447342068, 0.4571428571428572, 0.0380952380952381, 0.0015652318985101882, 0.6095238095238096, 0.0380952380952381, 0.0015209040821418712, 0.34285714285714286, 0.0380952380952381, 0.0380952380952381], "Linear polarisation fluence": [0.5034700757031678, 0.005654812938389468], "Linear polarisation fraction": [0.9502369956196923, 0.09258864196994376], "Params": [0.010363022860869505, -0.18366203106124213, 0.14948366160996182, 0.004956346196991126, -1.6035155738610356, 0.5650499378496586, 0.0006429788998870579, 0.18829868963502264, 0.0030313103580203015, 0.0008326375511043812, 0.4178908805341031, 0.006968236197037375, 0.0030881170890671725, 0.5432284831424832, 0.11642268508299596, 0.001346205679691186, 0.2989415189974917, 0.04451642629902204, 0.2874001420525492], "Tau_obs (ms)": [0.2874001420525492, 0.023434486722755766], "Total polarisation fluence": [0.5092396848415317, 0.00553937100305361], "Total polarisation fraction": [0.96112641351783, 0.09361107491078287], "Uncertainties": [0.0003407592325574221, 0.0070100033226598675, 0.00655502754022146, 0.00024220985612908466, 0.03711750059041913, 0.03970106568616835, 10867.040678269268, 4928695.459434772, 6762012.876104619, 1.5668580942444212, 619.3329213924108, 3255.3882348901366, 0.0013589991569077922, 0.06025719816176289, 0.05099351394439679, 0.0014193283779309997, 0.04885148707947631, 0.06991725203053602, 0.023434486722755766]}},