{"FRB": "211212", "range": [1352, 1801], "data": {"1": {"Adjusted R^2": 0.9354490403526008, "Burst range": [1573, 1639], "Burst width (ms)": 6.2857142857142865, "Condition": 3048.8930309475604, "Fluence": [0.7286527858286405, 0.07785351859618418], "Initial params": [0.011599101646051354, 0.00047619047620087044, 0.09523809523809525, 0.09523809523809525], "Linear polarisation fluence": [0.3717303487244935, 0.014048536583288496], "Linear polarisation fraction": [0.5101611576242768, 0.05781791618250636], "Params": [0.07060300785431038, -0.31384413477700807, 0.15937424673376166, 1.6892865977642995], "Tau_obs (ms)": [1.6892865977642995, 0.04611309548166224], "Total polarisation fluence": [0.4010488400294047, 0.013304250651369337], "Total polarisation fraction": [0.550397731030868, 0.06157699654041297], "Uncertainties": [0.0011770678201734484, 0.009249836988052719, 0.012279755056714612, 0.04611309548166224]}, "2": {"Adjusted R^2": 0.938025689095312, "Burst range": [1573, 1648], "Burst width (ms)": 7.142857142857143, "Condition": 586346.7869780476, "Fluence": [0.7391062597425775, 0.07785351859618418], "Initial params": [0.011599101646051354, 0.00047619047620087044, 0.09523809523809525, 0.008695242418763299, 0.4766666666666771, 0.09523809523809525, 0.09523809523809525], "Linear polarisation fluence": [0.3833381675366068, 0.01568947716009156], "Linear polarisation fraction": [0.5186509551009881, 0.058611093399571663], "Params": [0.06723912528051963, -0.302085600179848, 0.17010660882222317, 0.005941912145785992, 3.9998687751541997, 1.0475329918480962, 1.530762423717253], "Tau_obs (ms)": [1.530762423717253, 0.07317201707478006], "Total polarisation fluence": [0.41816341430834264, 0.014557381541954779], "Total polarisation fraction": [0.5657690065485095, 0.06276547483695918], "Uncertainties": [0.0018153477301805273, 0.009954821572298073, 0.012608147193948215, 0.0019183353515830697, 0.4322045663754396, 0.5592980709148789, 0.07317201707478006]}, "3": {"Adjusted R^2": 0.9376012075226592, "Burst range": [1573, 1648], "Burst width (ms)": 7.142857142857143, "Condition": 7.717298953944452e+21, "Fluence": [0.7391062597425775, 0.07785351859618418], "Initial params": [0.011599101646051354, 0.00047619047620087044, 0.09523809523809525, 0.008695242418763299, 0.4766666666666771, 0.09523809523809525, 0.007062850324775823, 0.857619047619058, 0.09523809523809525, 0.09523809523809525], "Linear polarisation fluence": [0.3833381675366068, 0.01568947716009156], "Linear polarisation fraction": [0.5186509551009881, 0.058611093399571663], "Params": [0.06723988500449991, -0.3020880386020269, 0.17010504641743496, 2.7927394327800097e-31, 19.097950993233745, 7.920587536885672, 0.005941073615896905, 4.000045111208949, 1.04724588173773, 1.5307930317145246], "Tau_obs (ms)": [1.5307930317145246, 0.07340218451788261], "Total polarisation fluence": [0.41816341430834264, 0.014557381541954779], "Total polarisation fraction": [0.5657690065485095, 0.06276547483695918], "Uncertainties": [0.0018210453336241865, 0.009988521398039596, 0.01265086104371775, 0.0031537573276570596, 3.0939792339263614e-16, 1.2025935031037656e-15, 0.0019373134278231421, 0.43445669240691726, 0.5629267041335979, 0.07340218451788261]}, "4": {"Adjusted R^2": 0.9377204140580848, "Burst range": [1573, 1648], "Burst width (ms)": 7.142857142857143, "Condition": 2.3464492733314875e+19, "Fluence": [0.7391062597425775, 0.07785351859618418], "Initial params": [0.011599101646051354, 0.00047619047620087044, 0.09523809523809525, 0.008695242418763299, 0.4766666666666771, 0.09523809523809525, 0.007062850324775823, 0.857619047619058, 0.09523809523809525, 0.006360018562973597, 1.0480952380952486, 0.09523809523809525, 0.09523809523809525], "Linear polarisation fluence": [0.3833381675366068, 0.01568947716009156], "Linear polarisation fraction": [0.5186509551009881, 0.058611093399571663], "Params": [0.05861113137049493, -0.2766191269530196, 0.17555733808419635, 0.001189026271070741, 4.320461790023458, 0.1708801708532328, 0.0071956250650044365, -0.42431315306640827, 0.0018033984241305927, 0.006019146455614449, 3.5284061387799897, 1.469798329242389, 1.4774012730019037], "Tau_obs (ms)": [1.4774012730019037, 0.16251419576283974], "Total polarisation fluence": [0.41816341430834264, 0.014557381541954779], "Total polarisation fraction": [0.5657690065485095, 0.06276547483695918], "Uncertainties": [0.0061661515653151635, 0.020429470248020873, 0.015332487948625876, 0.0026463998994209624, 0.5067681018021789, 0.7917311813491171, 11559.267824026436, 2371540.916831223, 2895695.9751142096, 0.004503456621308651, 1.6379764410911832, 1.540859776754765, 0.16251419576283974]}, "5": {"Adjusted R^2": 0.9344107155433238, "Burst range": [1573, 1638], "Burst width (ms)": 6.190476190476191, "Condition": Infinity, "Fluence": [0.724799641962921, 0.07785351859618418], "Initial params": [0.011599101646051354, 0.00047619047620087044, 0.09523809523809525, 0.008695242418763299, 0.4766666666666771, 0.09523809523809525, 0.007062850324775823, 0.857619047619058, 0.09523809523809525, 0.006360018562973597, 1.0480952380952486, 0.09523809523809525, 0.00454570032607183, 1.4290476190476296, 0.09523809523809525, 0.09523809523809525], "Linear polarisation fluence": [0.37120854635863726, 0.013501965929168754], "Linear polarisation fraction": [0.5121533246806259, 0.0580808276261183], "Params": [0.05453676531497012, -0.2832012453225805, 0.1769919018622003, 1.9456547593312525e-34, -0.4542491602450928, 0.9835099054150002, 0.015785102680220632, -0.3804774990630567, 0.015122248125375245, 2.4455131627581903e-23, -0.29225424021836477, 0.29881866759289727, 8.101106605410747e-39, 1.666550981590572, 0.006333533740423167, 1.6734303004585502], "Tau_obs (ms)": [1.6734303004585502, 0.08693881156170631], "Total polarisation fluence": [0.4004588548054317, 0.012844558882499418], "Total polarisation fraction": [0.5525097304420553, 0.06193659934860633], "Uncertainties": [0.042297561200380064, 0.040113012493793086, 0.06559038606504142, 0.00502440088102887, 0.0005815739524150701, 0.00011589159400300433, 0.5619547883809052, 6114.023786772289, 670161.5600879198, 0.04073671862203686, 0.0, 0.0, 0.001480353006773436, 0.0, 0.0, 0.08693881156170631]}, "6": {"Adjusted R^2": 0.9371627974980667, "Burst range": [1573, 1645], "Burst width (ms)": 6.857142857142858, "Condition": 1.6901748264644335e+34, "Fluence": [0.7361736955665403, 0.07785351859618418], "Initial params": [0.011599101646051354, 0.00047619047620087044, 0.09523809523809525, 0.008695242418763299, 0.4766666666666771, 0.09523809523809525, 0.007062850324775823, 0.857619047619058, 0.09523809523809525, 0.006360018562973597, 1.0480952380952486, 0.09523809523809525, 0.00454570032607183, 1.4290476190476296, 0.09523809523809525, 0.004169282859919204, 1.61952380952382, 0.09523809523809525, 0.09523809523809525], "Linear polarisation fluence": [0.3793780377327059, 0.01528709727016277], "Linear polarisation fraction": [0.5153376710108425, 0.05832126124490842], "Params": [0.05714497383734798, -0.289219445651562, 0.1789168302538923, 0.002144964874577943, 0.4327169430765684, 0.0039601400058508944, 0.002924620017193892, 0.8108069111317637, 0.01179649841087717, 2.683853940053611e-36, 3.601597528782578, 0.004369355942772846, 0.002659308643249023, 1.9841876540968435, 0.02030726079839558, 0.008001205324141896, 3.992822924721216, 1.1911409633328796, 1.2117112149144613], "Tau_obs (ms)": [1.2117112149144613, 0.17371455341306175], "Total polarisation fluence": [0.4130845860920101, 0.014229309017631602], "Total polarisation fraction": [0.5611238062154759, 0.06240980168060027], "Uncertainties": [0.005425682801741267, 0.012872955939474707, 0.013835217276727235, 10376.188350083496, 5873582.233915048, 6239087.718593317, 0.13028672000263786, 54.003979817020486, 14.572371156478185, 0.0013242141948783723, 0.003997083796132281, 0.00227040227446087, 0.026836028931035604, 12.278288979471528, 14.99526454905887, 0.00379257676385713, 0.5654426156093951, 0.5979617834444267, 0.17371455341306175]}},