{"FRB": "220501", "range": [959, 2262], "data": {"1": {"Adjusted R^2": 0.7467307577777491, "Burst range": [1560, 1682], "Burst width (ms)": 11.61904761904762, "Condition": 179724.75844681635, "Fluence": [0.2217664119958961, 0.018043191644366255], "Initial params": [0.0017311462617613205, -0.0004285714285504669, 0.09523809523809525, 0.09523809523809525], "Linear polarisation fluence": [0.17020061285504057, 0.004300070851444675], "Linear polarisation fraction": [0.7674769651690546, 0.06538416605255543], "Params": [0.02244432618793005, -3.8888778829783424, 0.9228613130954193, 2.8603083344352265], "Tau_obs (ms)": [2.8603083344352265, 0.14180804569956587], "Total polarisation fluence": [0.17737632698472366, 0.003952396066841282], "Total polarisation fraction": [0.7998340478539469, 0.06747188884716504], "Uncertainties": [0.00048351846634311674, 0.051275388463557975, 0.057785740591822406, 0.14180804569956587]}, "2": {"Adjusted R^2": 0.8317368591429389, "Burst range": [1560, 1633], "Burst width (ms)": 6.952380952380953, "Condition": 215871.06920761603, "Fluence": [0.21351091466153468, 0.018043191644366255], "Initial params": [0.0017311462617613205, -0.0004285714285504669, 0.09523809523809525, 0.0017004775600358768, -2.952809523809503, 0.09523809523809525, 0.09523809523809525], "Linear polarisation fluence": [0.143911707695471, 0.0028604566159128523], "Linear polarisation fraction": [0.6740250629510209, 0.05851425316511684], "Params": [0.005994925317499568, -0.22554096639154098, 0.2173780174879644, 0.015237732064194575, -3.4418571594607306, 1.0739333020799613, 0.9065111494587641], "Tau_obs (ms)": [0.9065111494587641, 0.058241959085468926], "Total polarisation fluence": [0.14711220905777211, 0.002851410708415307], "Total polarisation fraction": [0.6890149353300264, 0.05973857302263441], "Uncertainties": [0.00019482640925300043, 0.01991032676690437, 0.026588812926491658, 0.00030495489768871294, 0.0426946376246613, 0.035965216082401164, 0.058241959085468926]}, "3": {"Adjusted R^2": 0.8332308131872869, "Burst range": [1558, 1633], "Burst width (ms)": 7.142857142857143, "Condition": 441898.8392510526, "Fluence": [0.21412509486962367, 0.018043191644366255], "Initial params": [0.0017311462617613205, -0.0004285714285504669, 0.09523809523809525, 0.0017004775600358768, -2.952809523809503, 0.09523809523809525, 0.0015997303502824866, -3.143285714285694, 0.09523809523809525, 0.09523809523809525], "Linear polarisation fluence": [0.14492898171293583, 0.002915110601660893], "Linear polarisation fraction": [0.6768425802738351, 0.05863628697314591], "Params": [0.005870203847133457, -0.22243645442727333, 0.2020510003849777, 0.001158597713497958, -3.3325676576438403, 0.09509332509156812, 0.014274693517200789, -3.453047372203193, 1.1670709734063913, 0.9133341987879137], "Tau_obs (ms)": [0.9133341987879137, 0.057681330835128726], "Total polarisation fluence": [0.14826187090093693, 0.002904609997754066], "Total polarisation fraction": [0.6924077301224806, 0.05990168815676149], "Uncertainties": [0.00020599405819416697, 0.019484707792041003, 0.02550871653928106, 0.00038260581150973067, 0.053451184451867625, 0.08135460937765453, 0.00043269505554404146, 0.052271669341308474, 0.05454359253379595, 0.057681330835128726]}, "4": {"Adjusted R^2": 0.8376952825854754, "Burst range": [1561, 1625], "Burst width (ms)": 6.095238095238096, "Condition": 2432418.5393096805, "Fluence": [0.20636979260998278, 0.018043191644366255], "Initial params": [0.0017311462617613205, -0.0004285714285504669, 0.09523809523809525, 0.0017004775600358768, -2.952809523809503, 0.09523809523809525, 0.0015997303502824866, -3.143285714285694, 0.09523809523809525, 0.0014418735032315168, 0.19004761904764003, 0.09523809523809525, 0.09523809523809525], "Linear polarisation fluence": [0.13637683144249024, 0.0026580982779955313], "Linear polarisation fraction": [0.6608371783375686, 0.0591961676237966], "Params": [0.000960566650808336, -0.149706551752478, 0.09354609684793183, 0.0004542377762664335, -4.487208167149965, 0.042455610388100924, 0.013479324226348817, -2.8805938410299463, 1.1234393998039973, 0.005809151702482721, 0.261359693838971, 0.6905697986057308, 0.1781552570961099], "Tau_obs (ms)": [0.1781552570961099, 0.06098199762456435], "Total polarisation fluence": [0.13924075532351138, 0.002653405717184432], "Total polarisation fraction": [0.6747148095780751, 0.060376168248043906], "Uncertainties": [0.0001944130846929181, 0.02579279114522644, 0.026325779097466345, 0.00012633067257706521, 0.026589542579118525, 0.04747126416015896, 0.00036068238491745433, 0.05756816971468505, 0.039700678238001046, 0.00033863000741097486, 0.06865424220328749, 0.03540470332988357, 0.06098199762456435]}, "5": {"Adjusted R^2": 0.8439572402551702, "Burst range": [1562, 1627], "Burst width (ms)": 6.190476190476191, "Condition": 4245022.451074187, "Fluence": [0.2072206809446635, 0.018043191644366255], "Initial params": [0.0017311462617613205, -0.0004285714285504669, 0.09523809523809525, 0.0017004775600358768, -2.952809523809503, 0.09523809523809525, 0.0015997303502824866, -3.143285714285694, 0.09523809523809525, 0.0014418735032315168, 0.19004761904764003, 0.09523809523809525, 0.0013738965318546266, -1.714714285714265, 0.09523809523809525, 0.09523809523809525], "Linear polarisation fluence": [0.13640562687497934, 0.0026831962506668563], "Linear polarisation fraction": [0.6582626128489815, 0.05876088485064727], "Params": [0.006305282435892119, -0.05069876577003706, 0.7557737152173586, 0.0070859437494266665, -3.215799266966503, 0.46121696597048223, 0.0029292576657882815, -4.5165302702485155, 0.34663180084928547, 0.001333343830097162, -0.18404110212021596, 0.0671415291435972, 0.0030282204651052285, -1.9957725211895394, 0.2773805600255324, 0.39406629933461307], "Tau_obs (ms)": [0.39406629933461307, 0.12704284328882945], "Total polarisation fluence": [0.13929142419287494, 0.0026780400216025384], "Total polarisation fraction": [0.6721888160867086, 0.059938890819437395], "Uncertainties": [0.0006701320186494915, 0.08852363501394413, 0.07615250625099794, 0.0007289742097954248, 0.049436473374056544, 0.06648700174350099, 0.0005306847926975066, 0.07328581942655832, 0.058156817550434295, 0.0004019818403022677, 0.021862967617171575, 0.028560745111847585, 0.00045976380773032893, 0.05174044859316257, 0.06235555468667948, 0.12704284328882945]}, "6": {"Adjusted R^2": 0.8438608733671672, "Burst range": [1562, 1627], "Burst width (ms)": 6.190476190476191, "Condition": 9.578103768313332e+21, "Fluence": [0.2072206809446635, 0.018043191644366255], "Initial params": [0.0017311462617613205, -0.0004285714285504669, 0.09523809523809525, 0.0017004775600358768, -2.952809523809503, 0.09523809523809525, 0.0015997303502824866, -3.143285714285694, 0.09523809523809525, 0.0014418735032315168, 0.19004761904764003, 0.09523809523809525, 0.0013738965318546266, -1.714714285714265, 0.09523809523809525, 0.0012923982676327122, -2.0004285714285506, 0.09523809523809525, 0.09523809523809525], "Linear polarisation fluence": [0.13640562687497934, 0.0026831962506668563], "Linear polarisation fraction": [0.6582626128489815, 0.05876088485064727], "Params": [0.005932309668845089, -0.11759900798090775, 0.7223854337475542, 0.00709180492544352, -3.2416997878035403, 0.4349364796383962, 0.0032053688332308846, -4.534228294230308, 0.34330304344037627, 0.001575995323740247, -0.1918955551994956, 0.062386206525704244, 0.0005782234351344478, -1.8020815246112645, 0.010181751018352423, 0.0023638319756895086, -2.095722992243863, 0.21947097785110953, 0.48872327420282724], "Tau_obs (ms)": [0.48872327420282724, 0.1285920385254781], "Total polarisation fluence": [0.13929142419287494, 0.0026780400216025384], "Total polarisation fraction": [0.6721888160867086, 0.059938890819437395],