{"FRB": "220610", "range": [3888, 4023], "data": {"1": {"Adjusted R^2": 0.9847913761241874, "Burst range": [3947, 4001], "Burst width (ms)": 2.0571428571428574, "Condition": 3534.142680931002, "Fluence": [0.7254004034079116, 0.09281847454275985], "Initial params": [0.004180121014581637, 0.07595238095238442, 0.0380952380952381, 0.0380952380952381], "Linear polarisation fluence": [0.6934688704845278, 0.007810086096447035], "Linear polarisation fraction": [0.9559808172515891, 0.12279526209370692], "Params": [0.029147646722542657, -0.1627579236792658, 0.17090811817209525, 0.5061130156200647], "Tau_obs (ms)": [0.5061130156200647, 0.01483282286451787], "Total polarisation fluence": [0.7021936278046738, 0.007790651741553575], "Total polarisation fraction": [0.9680083227218885, 0.12432606839635055], "Uncertainties": [0.00036231440938169253, 0.005467766800350004, 0.006090534212045385, 0.01483282286451787]}, "2": {"Adjusted R^2": 0.9857220125507821, "Burst range": [3947, 3999], "Burst width (ms)": 1.980952380952381, "Condition": 50603.41177411432, "Fluence": [0.7224897438599652, 0.09281847454275985], "Initial params": [0.004180121014581637, 0.07595238095238442, 0.0380952380952381, 0.0041290837348158405, -0.00023809523809177336, 0.0380952380952381, 0.0380952380952381], "Linear polarisation fluence": [0.688839346190385, 0.007633806204575559], "Linear polarisation fraction": [0.9534243939716016, 0.122941595709104], "Params": [0.005083657779460172, -0.2409022448877114, 0.0683698824765278, 0.02383438325039257, -0.12933265869528746, 0.19062345908961645, 0.48385834432810854], "Tau_obs (ms)": [0.48385834432810854, 0.017463354183062576], "Total polarisation fluence": [0.6966742032647297, 0.007621323885652732], "Total polarisation fraction": [0.9642686407459382, 0.12432819532179708], "Uncertainties": [0.0028614175115141433, 0.021181703448333075, 0.03350588962996324, 0.0029492190698039936, 0.020074009979481316, 0.012660071017013773, 0.017463354183062576]}, "3": {"Adjusted R^2": 0.9854897894820355, "Burst range": [3947, 4000], "Burst width (ms)": 2.0190476190476194, "Condition": 9.945115802593608e+20, "Fluence": [0.7236663679792434, 0.09281847454275985], "Initial params": [0.004180121014581637, 0.07595238095238442, 0.0380952380952381, 0.0041290837348158405, -0.00023809523809177336, 0.0380952380952381, 0.0037781375938967816, 0.19023809523809873, 0.0380952380952381, 0.0380952380952381], "Linear polarisation fluence": [0.6908076021858953, 0.0077309876220402664], "Linear polarisation fraction": [0.9545940405036336, 0.12290276866417875], "Params": [0.003981080781344122, -0.24755288276039508, 0.06302831815625877, 0.02425850285751964, -0.14389779541468034, 0.17836869582602932, 0.0006860427126164309, 0.1647797989896094, 0.0025406863357207558, 0.48778830710804283], "Tau_obs (ms)": [0.48778830710804283, 0.01774711234256936], "Total polarisation fluence": [0.6989679947925179, 0.007714413488158601], "Total polarisation fraction": [0.9658704974010428, 0.12434172660342951], "Uncertainties": [0.003613875866814418, 0.02674813222816875, 0.044542972179481104, 0.0032622208612109503, 0.029754939369598866, 0.019685887227818995, 6151.992063241869, 4369592.260815928, 879547.0984894062, 0.01774711234256936]}, "4": {"Adjusted R^2": 0.9865542676347722, "Burst range": [3945, 4000], "Burst width (ms)": 2.0952380952380953, "Condition": 19858858.138206832, "Fluence": [0.7291805452351122, 0.09281847454275985], "Initial params": [0.004180121014581637, 0.07595238095238442, 0.0380952380952381, 0.0041290837348158405, -0.00023809523809177336, 0.0380952380952381, 0.0037781375938967816, 0.19023809523809873, 0.0380952380952381, 0.0037105854120293245, -0.07642857142856797, 0.0380952380952381, 0.0380952380952381], "Linear polarisation fluence": [0.6995773412612, 0.007876583713020016], "Linear polarisation fraction": [0.9594020929832032, 0.12260050895678064], "Params": [0.00398991643138245, 0.0009747332951551082, 0.031901437852681735, 0.02112383546590952, -0.21062462863547482, 0.11274532594792876, 0.002826022967563281, 0.16538112400394908, 0.03617334169935319, 0.0015100937762057736, -0.7549932786143275, 0.3103896488652231, 0.4939839032045575], "Tau_obs (ms)": [0.4939839032045575, 0.0148919550483662], "Total polarisation fluence": [0.7078422758182253, 0.007860013767942212], "Total polarisation fraction": [0.9707366446398996, 0.12403577812767765], "Uncertainties": [0.0018423909314844882, 0.014734525747156812, 0.02172316851645973, 0.0028784575567095917, 0.012880139218429733, 0.016724682220857066, 0.0007172893774738295, 0.019351537420867024, 0.02529412990327588, 0.0017683262034485997, 0.49691007117071, 0.38673720430208, 0.0148919550483662]}, "5": {"Adjusted R^2": 0.9862980959677115, "Burst range": [3945, 4000], "Burst width (ms)": 2.0952380952380953, "Condition": 5.770627107549338e+19, "Fluence": [0.7291805452351122, 0.09281847454275985], "Initial params": [0.004180121014581637, 0.07595238095238442, 0.0380952380952381, 0.0041290837348158405, -0.00023809523809177336, 0.0380952380952381, 0.0037781375938967816, 0.19023809523809873, 0.0380952380952381, 0.0037105854120293245, -0.07642857142856797, 0.0380952380952381, 0.003515285157428108, 0.2664285714285749, 0.0380952380952381, 0.0380952380952381], "Linear polarisation fluence": [0.6995773412612, 0.007876583713020016], "Linear polarisation fraction": [0.9594020929832032, 0.12260050895678064], "Params": [0.0024632493790526307, -0.0035035914882354255, 0.005347001316892514, 0.020409879052835162, -0.2143410657682669, 0.11049151268555424, 0.0014435230805836601, 0.16115270371527515, 0.018534250180708235, 0.0015581097248881918, -0.7410186036368906, 0.31615326955243994, 0.0035372076970678987, 0.0661459794630554, 0.1138601352194605, 0.49228882469090496], "Tau_obs (ms)": [0.49228882469090496, 0.01887424389163776], "Total polarisation fluence": [0.7078422758182253, 0.007860013767942212], "Total polarisation fraction": [0.9707366446398996, 0.12403577812767765], "Uncertainties": [4324.653559404145, 879667.8705590118, 1415221.4926381141, 0.012803900683032584, 0.06609176568699354, 0.03893878510748469, 0.0024452005372611082, 0.03028537014107902, 0.058888077474615615, 0.0021512731638148523, 0.5871985858224545, 0.4260653432295608, 0.012515523604112058, 0.6050718323506075, 0.2807704993854709, 0.01887424389163776]}, "6": {"Adjusted R^2": 0.9860956416688686, "Burst range": [3944, 4000], "Burst width (ms)": 2.1333333333333337, "Condition": Infinity, "Fluence": [0.731734996326935, 0.09281847454275985], "Initial params": [0.004180121014581637, 0.07595238095238442, 0.0380952380952381, 0.0041290837348158405, -0.00023809523809177336, 0.0380952380952381, 0.0037781375938967816, 0.19023809523809873, 0.0380952380952381, 0.0037105854120293245, -0.07642857142856797, 0.0380952380952381, 0.003515285157428108, 0.2664285714285749, 0.0380952380952381, 0.001904438159878971, 0.5711904761904797, 0.0380952380952381, 0.0380952380952381], "Linear polarisation fluence": [0.7014975814220805, 0.007963754347094421], "Linear polarisation fraction": [0.9586770961391267, 0.12209147234827641], "Params": [0.003160440838289358, 0.002253103166800622, 0.028312655426691116, 0.02052084921871291, -0.19506735775799683, 0.11955502442307979, 0.001197448763858611, -0.2764203335134898, 0.0015849269203470052, 0.0018111894606009163, -0.6736827222196, 0.34638566695290113, 0.002732526278687752, 0.16611016793500305, 0.035851685316053136, 4.5304523658161944e-27, 0.5535954009866131, 0.11688708698021906, 0.4937193672785744], "Tau_obs (ms)": [0.4937193672785744, 0.03656170312402123], "Total polarisation fluence": [0.7099455194697625, 0.007944230823415138], "Total polarisation fraction": [0.9702221747401062, 0.12354782377545069],