{"FRB": "220725", "range": [508, 1113], "data": {"1": {"Adjusted R^2": 0.8120794995219063, "Burst range": [806, 852], "Burst width (ms)": 8.761904761904763, "Condition": 193413.98663066805, "Fluence": [0.06746532905259978, 0.009868343591395276], "Initial params": [0.002883870685905346, -0.09480952380950147, 0.1904761904761905, 0.1904761904761905], "Linear polarisation fluence": [0.044664755721880944, 0.0020818312323411248], "Linear polarisation fraction": [0.6620401374913295, 0.10163608415597512], "Params": [0.01331118540563302, -0.695871453960061, 0.36805181098148154, 2.2829817347095682], "Tau_obs (ms)": [2.2829817347095682, 0.10977510369135293], "Total polarisation fluence": [0.04901681017684584, 0.00198861643338604], "Total polarisation fraction": [0.726548152438856, 0.11028624905762917], "Uncertainties": [0.0003530902290168656, 0.02850226995147596, 0.0361002486609156, 0.10977510369135293]}, "2": {"Adjusted R^2": 0.8114146018731669, "Burst range": [806, 847], "Burst width (ms)": 7.80952380952381, "Condition": 116623083.64271083, "Fluence": [0.06744367081613621, 0.009868343591395276], "Initial params": [0.002883870685905346, -0.09480952380950147, 0.1904761904761905, 0.0019746077680441046, 0.857571428571451, 0.1904761904761905, 0.1904761904761905], "Linear polarisation fluence": [0.04251649230959669, 0.00197874375489528], "Linear polarisation fraction": [0.6304000330216964, 0.0967936279911186], "Params": [0.011300814075755504, -0.6713234247324977, 0.3751616053795486, 0.001908301978652159, 1.5443626609242473, 1.5614872678992853, 1.8434793768166484], "Tau_obs (ms)": [1.8434793768166484, 0.5170246633961012], "Total polarisation fluence": [0.04640642437289631, 0.0018897088201160176], "Total polarisation fraction": [0.6880767878042807, 0.10450540399092674], "Uncertainties": [0.003272000658307539, 0.04681526840488146, 0.05163509239791965, 0.003272288217439354, 1.7825352595359603, 1.4091285100561293, 0.5170246633961012]}, "3": {"Adjusted R^2": 0.8132284714545068, "Burst range": [806, 849], "Burst width (ms)": 8.190476190476192, "Condition": 245015403.80333793, "Fluence": [0.06706102293121308, 0.009868343591395276], "Initial params": [0.002883870685905346, -0.09480952380950147, 0.1904761904761905, 0.0019746077680441046, 0.857571428571451, 0.1904761904761905, 0.0016743622513271004, 1.4290000000000225, 0.1904761904761905, 0.1904761904761905], "Linear polarisation fluence": [0.04337579767451039, 0.002020609962487226], "Linear polarisation fraction": [0.6468108564195706, 0.09983657521720392], "Params": [0.006235294158595914, -0.9664506066864881, 0.22738184845844406, 0.0015013458541044567, 1.2621111625641472, 1.4438121486425108, 0.0055075965678431605, -0.40367982124300633, 0.12111871212751799, 1.9992041141136667], "Tau_obs (ms)": [1.9992041141136667, 0.5123143351807181], "Total polarisation fluence": [0.04745057869447612, 0.0019298802508310635], "Total polarisation fraction": [0.7075731419001452, 0.10802642580439557], "Uncertainties": [0.003113181693276325, 0.10398327284750383, 0.11122492804911044, 0.0032661853936460585, 1.8968508725389084, 1.6879907596321044, 0.0019083766735864334, 0.05709620210869194, 0.051414587980861966, 0.5123143351807181]}, "4": {"Adjusted R^2": 0.8129829176701444, "Burst range": [806, 841], "Burst width (ms)": 6.666666666666667, "Condition": 69905704.74621935, "Fluence": [0.06476055144944089, 0.009868343591395276], "Initial params": [0.002883870685905346, -0.09480952380950147, 0.1904761904761905, 0.0019746077680441046, 0.857571428571451, 0.1904761904761905, 0.0016743622513271004, 1.4290000000000225, 0.1904761904761905, 0.0015112034278732416, 1.8099523809524034, 0.1904761904761905, 0.1904761904761905], "Linear polarisation fluence": [0.04018962927724507, 0.0018334725092522832], "Linear polarisation fraction": [0.6205881262240557, 0.09871353627340598], "Params": [0.006488594189345776, -0.45436311536561014, 0.4595898497792617, 0.0009197512039828584, 0.7452512019525659, 0.11995867383148578, 0.000996719484203427, 1.3296717751139155, 0.24431585010895548, 0.004584410943824581, 2.479186616697582, 1.7762877880298387, 0.5234529878812372], "Tau_obs (ms)": [0.5234529878812372, 0.3445812833167334], "Total polarisation fluence": [0.043718066057320724, 0.001745950121495581], "Total polarisation fraction": [0.6750724797557012, 0.10634311659193042], "Uncertainties": [0.0015816475976711422, 0.13504797036757268, 0.0593074744552599, 0.0006654234739259501, 0.1075987129216767, 0.10271221266549548, 0.0009056690512827856, 0.21530755510579289, 0.2774275186011672, 0.0019822445340722836, 0.7196587157588792, 0.4942468097024081, 0.3445812833167334]}, "5": {"Adjusted R^2": 0.8128421816166731, "Burst range": [806, 843], "Burst width (ms)": 7.047619047619048, "Condition": 9599208310.906845, "Fluence": [0.06594585286416035, 0.009868343591395276], "Initial params": [0.002883870685905346, -0.09480952380950147, 0.1904761904761905, 0.0019746077680441046, 0.857571428571451, 0.1904761904761905, 0.0016743622513271004, 1.4290000000000225, 0.1904761904761905, 0.0015112034278732416, 1.8099523809524034, 0.1904761904761905, 0.0009980762086036071, 2.381380952380975, 0.1904761904761905, 0.1904761904761905], "Linear polarisation fluence": [0.04076038977565172, 0.001892756707642602], "Linear polarisation fraction": [0.6180887501692135, 0.09684364733028264], "Params": [0.006301074572561246, -0.265651728231229, 0.5265644998836725, 0.0008250696117587168, 0.7591378864210675, 0.1790194373874824, 0.002223357323501962, 2.4859051864430524, 0.9368228294210615, 0.0016601403689518238, 1.3508890282121455, 0.3532294131025985, 0.0020662777091183873, 4.206114294222284, 1.7557588443334065, 0.2027753127351634], "Tau_obs (ms)": [0.2027753127351634, 1.5225860796779458], "Total polarisation fluence": [0.04431246602545432, 0.0018054550756041454], "Total polarisation fraction": [0.6719522775258071, 0.10421353051768273], "Uncertainties": [0.0024004911486371627, 1.1063700895472577, 0.23342866260053627, 0.0034605720341556023, 0.28992144356715716, 0.15866262798337288, 0.010891213857317944, 0.9336347813317833, 2.117062366468316, 0.0029421852265304415, 0.23426906774597894, 0.7615233677035942, 0.008623155076372072, 8.197483955763385, 3.0252901037221562, 1.5225860796779458]}, "6": {"Adjusted R^2": 0.8163450518222484, "Burst range": [806, 856], "Burst width (ms)": 9.523809523809526, "Condition": 2.455637521742736e+21, "Fluence": [0.06705868114518691, 0.009868343591395276], "Initial params": [0.002883870685905346, -0.09480952380950147, 0.1904761904761905, 0.0019746077680441046, 0.857571428571451, 0.1904761904761905, 0.0016743622513271004, 1.4290000000000225, 0.1904761904761905, 0.0015112034278732416, 1.8099523809524034, 0.1904761904761905, 0.0009980762086036071, 2.381380952380975, 0.1904761904761905, 0.0008036634011931923, 3.143285714285737, 0.1904761904761905, 0.1904761904761905], "Linear polarisation fluence": [0.0460336652727868, 0.002181294845326291], "Linear polarisation fraction": [0.6864683958385727, 0.1061283916543669], "Params": [0.00696013589597285, -0.42583866628181394, 0.4839055271346636, 0.00034722413952273574, 8.49183786534346, 0.028752408604586947, 0.001087544187549234, 0.7408786297672488, 0.138304570805199, 0.0014296332283207647, 1.338219765664929, 0.27917190651445356, 0.0004474204065598307, 5.42001423528506, 0.02877642833266431, 0.0029925306577679345, 2.8108340443710182, 1.0408929385991934, 0.49062300769487055], "Tau_obs (ms)": [0.49062300769487055, 0.23281925073171847], "Total polarisation fluence": [0.05055701296151981, 0.002080101506276776], "Total polarisation fraction": [0.7539219695069785, 0.11520168366528502],