{"data": {"1": {"initial_params": [0.000459322679275278, -9.523809523757553e-05, 0.0038095238095238095, 0.0038095238095238095], "adjusted_R^2": 0.9486252029502055, "burst_range": [242, 287], "params": [0.0017215738885600215, -0.015805783513835034, 0.00998434668364317, 0.029140514747164087]}, "2": {"initial_params": [0.000459322679275278, -9.523809523757553e-05, 0.0038095238095238095, 3.7032797232998564e-05, 0.8037142857142863, 0.0038095238095238095, 0.0038095238095238095], "adjusted_R^2": 0.9680950296393213, "burst_range": [242, 487], "params": [0.0017211225943458593, -0.015798950633525526, 0.009989494889576874, 0.000354188614522148, 0.7667855922123676, 0.04345840315756479, 0.029111457692329937]}, "3": {"initial_params": [0.000459322679275278, -9.523809523757553e-05, 0.0038095238095238095, 3.7032797232998564e-05, 0.8037142857142863, 0.0038095238095238095, 8.960105789390002e-06, 1.2227619047619054, 0.0038095238095238095, 0.0038095238095238095], "adjusted_R^2": 0.9687530933999685, "burst_range": [242, 578], "params": [0.0017212272127689993, -0.01580052524155067, 0.009988304749283193, 0.0003541918939829513, 0.7667808531564062, 0.04345647510975658, 4.4900642470091193e-05, 1.2040115642894176, 0.005976607120368578, 0.02911818840445727]}, "4": {"initial_params": [0.000459322679275278, -9.523809523757553e-05, 0.0038095238095238095, 3.7032797232998564e-05, 0.8037142857142863, 0.0038095238095238095, 8.960105789390002e-06, 1.2227619047619054, 0.0038095238095238095, 7.2402983598599405e-06, 0.468476190476191, 0.0038095238095238095, 0.0038095238095238095], "adjusted_R^2": 0.9691914102567611, "burst_range": [242, 578], "params": [0.0017211208226277782, -0.01579892511978627, 0.009989513613599855, 0.0003541567549594573, 0.7667901403984323, 0.043450784166091876, 4.489703248682333e-05, 1.2040127342489968, 0.005977731782737991, 4.098984283436347e-05, 0.45054728427392593, 0.010628973556245914, 0.029111345973225893]}, "5": {"initial_params": [0.000459322679275278, -9.523809523757553e-05, 0.0038095238095238095, 3.7032797232998564e-05, 0.8037142857142863, 0.0038095238095238095, 8.960105789390002e-06, 1.2227619047619054, 0.0038095238095238095, 7.2402983598599405e-06, 0.468476190476191, 0.0038095238095238095, 5.057761815749688e-07, 0.26657142857142907, 0.0038095238095238095, 0.0038095238095238095], "adjusted_R^2": 0.9804626057207471, "burst_range": [227, 573], "params": [0.001153869869724439, -0.01174784792025205, 0.010455908857784081, 0.00034891262975662597, 0.7782205023401906, 0.04715388750068494, 3.6942650438563754e-05, 1.2077562309286298, 0.008820872508247223, 1.6994795421739766e-05, 0.47241332425444954, 0.0001796919865489339, 0.0007446891798341419, 0.019971030399287038, 0.05546956493015821, 0.014658913483136688]}, "6": {"initial_params": [0.000459322679275278, -9.523809523757553e-05, 0.0038095238095238095, 3.7032797232998564e-05, 0.8037142857142863, 0.0038095238095238095, 8.960105789390002e-06, 1.2227619047619054, 0.0038095238095238095, 7.2402983598599405e-06, 0.468476190476191, 0.0038095238095238095, 5.057761815749688e-07, 0.26657142857142907, 0.0038095238095238095, 7.78459545100648e-06, -0.9410476190476186, 0.0038095238095238095, 0.0038095238095238095], "adjusted_R^2": 0.9808274003603271, "burst_range": [206, 573], "params": [0.0011531371110890163, -0.011738453732735514, 0.010459587893775707, 0.0003489081931984399, 0.778242601823513, 0.04715933758444206, 3.693062910485323e-05, 1.2077661576516237, 0.008828015020469591, 3.744576075314397e-05, 0.45636929326603204, 0.014871622676655552, 0.0007453074468618164, 0.019972213212188627, 0.05542643325507935, 1.1554521982361995e-05, -0.9447818712821646, 0.005045987171224241, 0.01463403769194947]}, "7": {"initial_params": [0.000459322679275278, -9.523809523757553e-05, 0.0038095238095238095, 3.7032797232998564e-05, 0.8037142857142863, 0.0038095238095238095, 8.960105789390002e-06, 1.2227619047619054, 0.0038095238095238095, 7.2402983598599405e-06, 0.468476190476191, 0.0038095238095238095, 5.057761815749688e-07, 0.26657142857142907, 0.0038095238095238095, 7.78459545100648e-06, -0.9410476190476186, 0.0038095238095238095, 5.858008958909027e-06, 1.005619047619048, 0.0038095238095238095, 0.0038095238095238095], "adjusted_R^2": 0.981159308050355, "burst_range": [223, 572], "params": [0.0010675532254431803, -0.011161702327110145, 0.010441383793382015, 0.00034683212090048764, 0.7795735014682302, 0.04706651808328259, 3.61575737259745e-05, 1.208486104633691, 0.009314588388222989, 0.0001618343557889717, 0.1423560494142085, 0.09444665405437365, 0.00073166022641616, 0.012999929904446239, 0.04668885118868875, 9.198433640759142e-06, -0.944059779244493, 6.500031657996433e-05, 6.859641180205758e-06, 0.917496475148809, 5.8952939617745204e-05, 0.01297220881813734]}, "8": {"initial_params": [0.000459322679275278, -9.523809523757553e-05, 0.0038095238095238095, 3.7032797232998564e-05, 0.8037142857142863, 0.0038095238095238095, 8.960105789390002e-06, 1.2227619047619054, 0.0038095238095238095, 7.2402983598599405e-06, 0.468476190476191, 0.0038095238095238095, 5.057761815749688e-07, 0.26657142857142907, 0.0038095238095238095, 7.78459545100648e-06, -0.9410476190476186, 0.0038095238095238095, 5.858008958909027e-06, 1.005619047619048, 0.0038095238095238095, 4.850322534112947e-06, -0.4877142857142852, 0.0038095238095238095, 0.0038095238095238095], "adjusted_R^2": 0.980837232960692, "burst_range": [119, 573], "params": [0.0011540194803073996, -0.011749905493932835, 0.010455019189171327, 0.00034891349149618225, 0.7782157006020245, 0.047152665335508714, 3.694539731923143e-05, 1.207753927487982, 0.008819537201726438, 3.7448347088125356e-05, 0.4563503253772572, 0.01485759806984052, 0.0007445594244498673, 0.019969388659444556, 0.05547790937201719, 1.0224955385664866e-05, -0.9495742907068869, 0.0006679994483675393, 2.396898544212083e-37, 1.0073746687872451, 0.11419047777473786, 1.2581534992255671e-05, -0.5046920192024874, 0.0004119955723122601, 0.014664332455730884]}, "9": {"initial_params": [0.000459322679275278, -9.523809523757553e-05, 0.0038095238095238095, 3.7032797232998564e-05, 0.8037142857142863, 0.0038095238095238095, 8.960105789390002e-06, 1.2227619047619054, 0.0038095238095238095, 7.2402983598599405e-06, 0.468476190476191, 0.0038095238095238095, 5.057761815749688e-07, 0.26657142857142907, 0.0038095238095238095, 7.78459545100648e-06, -0.9410476190476186, 0.0038095238095238095, 5.858008958909027e-06, 1.005619047619048, 0.0038095238095238095, 4.850322534112947e-06, -0.4877142857142852, 0.0038095238095238095, 7.302998321825956e-06, -0.6972380952380948, 0.0038095238095238095, 0.0038095238095238095], "adjusted_R^2": 0.9817987701314758, "burst_range": [118, 572], "params": [0.0010647783688005473, -0.01114228663292692, 0.010440391478016337, 0.0003459546443085638, 0.7795371646681486, 0.046870029931551815, 3.6134820649348075e-05, 1.2085101233960656, 0.009330358581691825, 3.705959908173245e-05, 0.4575873562156874, 0.015538563628518645, 0.0007336510305008162, 0.012792325336070538, 0.04649447037575074, 1.1531221049313164e-05, -0.9433009711251618, 0.005999334691101439, 9.317754333203175e-06, 0.9136072457687504, 0.00044636399614246216, 1.1684990726947018e-05, -0.5045724077404022, 0.0006037832570512665, 0.0001602161505159557, 0.14048858006831763, 0.09089056576223568, 0.012920510617236146]},