{"data": {"1": {"initial_params": [0.008544697255101838, 0.0249523809524059, 0.009523809523809525, 0.009523809523809525], "adjusted_R^2": 0.9205279193189599, "burst_range": [154, 187], "burst_width": 0.31428571428571433, "condition": 36.47499101381531, "params": [0.02857142857142857, -0.014634034258131867, 0.013133219081140405, 0.055123712436171556], "timescale": 0.055123712436171556, "timescale_uncertainty": 4.271900263629098e-06}, "2": {"initial_params": [0.008544697255101838, 0.0249523809524059, 0.009523809523809525, 0.0016530387684663052, 1.263047619047644, 0.009523809523809525, 0.009523809523809525], "adjusted_R^2": 0.9851369451925707, "burst_range": [154, 317], "burst_width": 1.5523809523809524, "condition": 572.340004080969, "params": [0.02857142857142857, -0.014639452852981061, 0.013125235033245468, 0.012039390393904054, 1.2089920545354074, 0.09478080830970803, 0.05515321613454206], "timescale": 0.05515321613454206, "timescale_uncertainty": 7.978190753644321e-07}, "3": {"initial_params": [0.008544697255101838, 0.0249523809524059, 0.009523809523809525, 0.0016530387684663052, 1.263047619047644, 0.009523809523809525, 8.63284474933853e-05, 2.005904761904787, 0.009523809523809525, 0.009523809523809525], "adjusted_R^2": 0.9851245229933928, "burst_range": [154, 369], "burst_width": 2.047619047619048, "condition": 25995.771561242436, "params": [0.02857142857142857, -0.014640052971615969, 0.013124350906660214, 0.012039396922131679, 1.2089897472919058, 0.09477955150741302, 0.0002572325213171629, 2.001780388271616, 0.008468498439980987, 0.05515648556815381], "timescale": 0.05515648556815381, "timescale_uncertainty": 7.984365583343701e-07}, "4": {"initial_params": [0.008544697255101838, 0.0249523809524059, 0.009523809523809525, 0.0016530387684663052, 1.263047619047644, 0.009523809523809525, 8.63284474933853e-05, 2.005904761904787, 0.009523809523809525, 1.0998860187639783e-05, 2.1392380952381203, 0.009523809523809525, 0.009523809523809525], "adjusted_R^2": 0.9924046974270414, "burst_range": [89, 389], "burst_width": 2.857142857142857, "condition": 5.10959944121098e+21, "params": [0.02857142388889274, -0.014602316025642534, 0.013243937515472618, 0.009111515187034262, 1.2150030825173839, 0.07264265640969508, 6.53825224880676e-23, 2.8344758982284604, 4.5722895699576345, 0.012046143354857443, 0.7333867773271828, 0.7041263804417907, 0.05472145962167664], "timescale": 0.05472145962167664, "timescale_uncertainty": 4.5853479025755596e-07}, "5": {"initial_params": [0.008544697255101838, 0.0249523809524059, 0.009523809523809525, 0.0016530387684663052, 1.263047619047644, 0.009523809523809525, 8.63284474933853e-05, 2.005904761904787, 0.009523809523809525, 1.0998860187639783e-05, 2.1392380952381203, 0.009523809523809525, 3.5497908769554186e-05, 2.5963809523809775, 0.009523809523809525, 0.009523809523809525], "adjusted_R^2": 0.9964258111301655, "burst_range": [154, 372], "burst_width": 2.0761904761904764, "condition": 169953.94296919034, "params": [0.02857142857142857, -0.014399486428717577, 0.013734677813894194, 0.004973083068058574, 1.2498610836805633, 0.031711388113135806, 0.007699724797430711, 1.2282920546168217, 0.40428654102608036, 0.004644638710096729, 0.2697679089210104, 0.1348936750079235, 0.003142093292153026, 1.1425539801788038, 0.033143000766634546, 0.05289908859363416], "timescale": 0.05289908859363416, "timescale_uncertainty": 5.457013910745512e-07}, "6": {"initial_params": [0.008544697255101838, 0.0249523809524059, 0.009523809523809525, 0.0016530387684663052, 1.263047619047644, 0.009523809523809525, 8.63284474933853e-05, 2.005904761904787, 0.009523809523809525, 1.0998860187639783e-05, 2.1392380952381203, 0.009523809523809525, 3.5497908769554186e-05, 2.5963809523809775, 0.009523809523809525, 4.439771316933803e-05, 2.4535238095238348, 0.009523809523809525, 0.009523809523809525], "adjusted_R^2": 0.9923346615709852, "burst_range": [86, 404], "burst_width": 3.028571428571429, "condition": 278989452092.0443, "params": [0.02857142857142857, -0.014602600778211445, 0.01324504077920913, 0.009167410844033295, 1.215090056797743, 0.07299859280640981, 9.392302617232187e-05, 2.0043734011645333, 0.0017717477919129499, 0.01182850716533325, 0.7167571330057138, 0.6895046161013306, 4.005344158387022e-05, -1.2468082007879944, 0.0016709721146056075, 0.00012984776904989952, 2.5616226890793814, 0.01297420346957962, 0.054717559053856175], "timescale": 0.054717559053856175, "timescale_uncertainty": 4.609356920919353e-07}, "7": {"initial_params": [0.008544697255101838, 0.0249523809524059, 0.009523809523809525, 0.0016530387684663052, 1.263047619047644, 0.009523809523809525, 8.63284474933853e-05, 2.005904761904787, 0.009523809523809525, 1.0998860187639783e-05, 2.1392380952381203, 0.009523809523809525, 3.5497908769554186e-05, 2.5963809523809775, 0.009523809523809525, 4.439771316933803e-05, 2.4535238095238348, 0.009523809523809525, 3.6703624176852725e-05, -1.2702857142856894, 0.009523809523809525, 0.009523809523809525], "adjusted_R^2": 0.9952877763513749, "burst_range": [150, 401], "burst_width": 2.390476190476191, "condition": 170339759517.5404, "params": [0.02857142857142857, -0.014378533241737825, 0.013736488281857515, 0.009168424176849634, 1.2143143791396278, 0.07414581420592584, 0.004054922374781139, 0.2646296734893081, 0.12095268735547277, 0.006591972258973723, 1.1217217727448991, 0.48965996314850363, 0.000440321574922168, 1.6408871668495941, 0.09710577989573951, 0.00013294584661141133, 2.5616894425873458, 0.013302111231074332, 0.0006817029684711413, 1.1579829907177202, 2.521666261771281, 0.05288689110216915], "timescale": 0.05288689110216915, "timescale_uncertainty": 7.177540882103457e-07}, "8": {"initial_params": [0.008544697255101838, 0.0249523809524059, 0.009523809523809525, 0.0016530387684663052, 1.263047619047644, 0.009523809523809525, 8.63284474933853e-05, 2.005904761904787, 0.009523809523809525, 1.0998860187639783e-05, 2.1392380952381203, 0.009523809523809525, 3.5497908769554186e-05, 2.5963809523809775, 0.009523809523809525, 4.439771316933803e-05, 2.4535238095238348, 0.009523809523809525, 3.6703624176852725e-05, -1.2702857142856894, 0.009523809523809525, 4.1916868126183804e-05, -0.8607619047618799, 0.009523809523809525, 0.009523809523809525], "adjusted_R^2": 0.9962854991730696, "burst_range": [151, 388], "burst_width": 2.2571428571428576, "condition": 1.1682218420193392e+25, "params": [0.02857142857142857, -0.014394821801350726, 0.013684975302715187, 0.002418821376421261, 1.2590939909550294, 0.021620357916064727, 0.0006698750523175637, 1.5983127709985347, 0.13478476930834118, 0.003690286381976363, 0.2661964520681005, 0.11328585496425693, 0.00013488491271944103, 1.453426396887225, 0.0007354874230328323, 0.0071103537086231305, 1.1831779930430137, 0.07781645556283219, 6.758013170951314e-05, -0.8558814643375761, 0.0013668380285364714, 0.0067465318870104755, 1.0675557960119941, 0.6082476655579855, 0.05306736936655569], "timescale": 0.05306736936655569, "timescale_uncertainty": 5.077487253657707e-07}, "9": {"initial_params": [0.008544697255101838, 0.0249523809524059, 0.009523809523809525, 0.0016530387684663052, 1.263047619047644, 0.009523809523809525, 8.63284474933853e-05, 2.005904761904787, 0.009523809523809525, 1.0998860187639783e-05, 2.1392380952381203, 0.009523809523809525, 3.5497908769554186e-05, 2.5963809523809775, 0.009523809523809525, 4.439771316933803e-05, 2.4535238095238348, 0.009523809523809525, 3.6703624176852725e-05, -1.2702857142856894, 0.009523809523809525, 4.1916868126183804e-05, -0.8607619047618799, 0.009523809523809525, 2.4137172853763454e-05, -0.5940952380952133, 0.009523809523809525, 0.009523809523809525], "adjusted_R^2": 0.9969282632678781, "burst_range": [130, 394], "burst_width": 2.5142857142857147, "condition": 9338732.316041647,