{"data": {"1": {"initial_params": [0.004204362748149713, 0.015238095238116029, 0.01904761904761905, 0.01904761904761905], "adjusted_R^2": 0.7479564689655603, "burst_range": [1197, 1323], "params": [0.05476432876161133, -0.22852791527754854, 0.46405922218468515, 0.025370959952977834]}, "2": {"initial_params": [0.004204362748149713, 0.015238095238116029, 0.01904761904761905, 0.003831182984281368, -0.6133333333333126, 0.01904761904761905, 0.01904761904761905], "adjusted_R^2": 0.8770895858002976, "burst_range": [1227, 1339], "params": [0.02445601614061794, -0.10371718027859415, 0.06986549490163825, 0.028170830952732612, -0.7323934818623389, 0.07103133852246679, 0.300451377860582]}, "3": {"initial_params": [0.004204362748149713, 0.015238095238116029, 0.01904761904761905, 0.003831182984281368, -0.6133333333333126, 0.01904761904761905, 0.0006552626409713345, 6.643809523809545, 0.01904761904761905, 0.01904761904761905], "adjusted_R^2": 0.9070635858122774, "burst_range": [1228, 1713], "params": [0.024459226239256445, -0.10369681050384882, 0.0699705169925504, 0.028157919656452007, -0.7323496632683765, 0.0710751137620952, 0.012528740574737086, 6.769285199804897, 0.595929003978072, 0.3001268029508537]}, "4": {"initial_params": [0.004204362748149713, 0.015238095238116029, 0.01904761904761905, 0.003831182984281368, -0.6133333333333126, 0.01904761904761905, 0.0006552626409713345, 6.643809523809545, 0.01904761904761905, 0.000576670431056009, 7.0057142857143075, 0.01904761904761905, 0.01904761904761905], "adjusted_R^2": 0.9085122210571335, "burst_range": [1228, 1724], "params": [0.024462039682547055, -0.10368002936054577, 0.07006227513210023, 0.028146565691199103, -0.7323112723276629, 0.07111379566718054, 0.002058000940952269, 6.546449496760045, 0.008591930108030254, 0.010857392485059347, 6.836335339542949, 0.7139847356458743, 0.29984178829617136]}, "5": {"initial_params": [0.004204362748149713, 0.015238095238116029, 0.01904761904761905, 0.003831182984281368, -0.6133333333333126, 0.01904761904761905, 0.0006552626409713345, 6.643809523809545, 0.01904761904761905, 0.000576670431056009, 7.0057142857143075, 0.01904761904761905, 0.0005591500915698876, 3.120000000000021, 0.01904761904761905, 0.01904761904761905], "adjusted_R^2": 0.9157527073596345, "burst_range": [1228, 1722], "params": [0.024468641457440564, -0.10363937197493828, 0.07028357379605855, 0.028119115678008868, -0.7322179682080339, 0.07120797966795649, 0.0020533344235754954, 6.546320569166087, 0.008790215020910166, 0.01083603714588938, 6.838928557041977, 0.7101786842113199, 0.003433054195472659, 3.00219822493361, 0.05278042990570125, 0.2991517515125779]}, "6": {"initial_params": [0.004204362748149713, 0.015238095238116029, 0.01904761904761905, 0.003831182984281368, -0.6133333333333126, 0.01904761904761905, 0.0006552626409713345, 6.643809523809545, 0.01904761904761905, 0.000576670431056009, 7.0057142857143075, 0.01904761904761905, 0.0005591500915698876, 3.120000000000021, 0.01904761904761905, 0.00035747829420862154, 7.55809523809526, 0.01904761904761905, 0.01904761904761905], "adjusted_R^2": 0.9151114408096162, "burst_range": [1228, 1703], "params": [0.024469524907233454, -0.10363384845030733, 0.07031267266112094, 0.028115522887950783, -0.732205703374702, 0.07122031382101873, 0.004564185064664974, 6.52553875197431, 0.049206722665580654, 0.0023702271748763317, 6.924003098380839, 0.048375085044986464, 0.0034332914465901175, 3.0022235445341314, 0.052793907304564694, 0.00364068066454894, 7.417807618814919, 0.19837079421050935, 0.299061375463171]}, "7": {"initial_params": [0.004204362748149713, 0.015238095238116029, 0.01904761904761905, 0.003831182984281368, -0.6133333333333126, 0.01904761904761905, 0.0006552626409713345, 6.643809523809545, 0.01904761904761905, 0.000576670431056009, 7.0057142857143075, 0.01904761904761905, 0.0005591500915698876, 3.120000000000021, 0.01904761904761905, 0.00035747829420862154, 7.55809523809526, 0.01904761904761905, 0.0005342107208630059, 17.1961904761905, 0.01904761904761905, 0.01904761904761905], "adjusted_R^2": 0.9259698807583958, "burst_range": [1228, 2232], "params": [0.024464410490188465, -0.103664887409364, 0.07014514335274667, 0.02813618127055346, -0.7322759094296808, 0.07114946488491639, 0.004568241021083007, 6.525515237216514, 0.04915864196082095, 0.002370956256574348, 6.92402647894028, 0.04831824699757965, 0.0034354573355573283, 3.0021561169752355, 0.052766239492913994, 0.0036368669714061277, 7.4177858472932865, 0.1980890919250324, 0.006939527225062587, 17.06248604316428, 0.4857490921769355, 0.29958041971264887]}, "8": {"initial_params": [0.004204362748149713, 0.015238095238116029, 0.01904761904761905, 0.003831182984281368, -0.6133333333333126, 0.01904761904761905, 0.0006552626409713345, 6.643809523809545, 0.01904761904761905, 0.000576670431056009, 7.0057142857143075, 0.01904761904761905, 0.0005591500915698876, 3.120000000000021, 0.01904761904761905, 0.00035747829420862154, 7.55809523809526, 0.01904761904761905, 0.0005342107208630059, 17.1961904761905, 0.01904761904761905, 8.801482876753758e-05, 13.634285714285737, 0.01904761904761905, 0.01904761904761905], "adjusted_R^2": 0.9349628166445129, "burst_range": [1228, 2229], "params": [0.02446518467674196, -0.1036601768020081, 0.0701704884768929, 0.02813304871123509, -0.7322652723404026, 0.07116019659651121, 0.004567592898702073, 6.525521017371215, 0.04916185680996817, 0.0023708500221804913, 6.9240228337715095, 0.048326981412236, 0.0034351299196939892, 3.002166416100951, 0.05277059240428001, 0.003637443312204459, 7.417789131643296, 0.19813163576518322, 0.006870778681557766, 17.063172505101917, 0.47557300140806646, 0.007528699622911197, 13.495424699995443, 0.740339879304537, 0.29950170475393206]}, "9": {"initial_params": [0.004204362748149713, 0.015238095238116029, 0.01904761904761905, 0.003831182984281368, -0.6133333333333126, 0.01904761904761905, 0.0006552626409713345, 6.643809523809545, 0.01904761904761905, 0.000576670431056009, 7.0057142857143075, 0.01904761904761905, 0.0005591500915698876, 3.120000000000021, 0.01904761904761905, 0.00035747829420862154, 7.55809523809526, 0.01904761904761905, 0.0005342107208630059, 17.1961904761905, 0.01904761904761905, 8.801482876753758e-05, 13.634285714285737, 0.01904761904761905, 0.0003002186773509929, 1.920000000000021, 0.01904761904761905, 0.01904761904761905], "adjusted_R^2": 0.9374576036994288, "burst_range": [1228, 2229], "params": [0.024476560643464675, -0.10357363461817437, 0.07072909700995457, 0.028060696273610266, -0.732015786646516, 0.07141287173687984, 0.004552554520110519, 6.525655239585452, 0.04923821317675592, 0.002368354134012066, 6.923937875960291, 0.048530705110527726, 0.003368112209507521, 3.004513456304939, 0.05068247970884312, 0.0036508841658254945, 7.417865846049086, 0.19912462864276462, 0.0068727786669855, 17.064616705937915, 0.47681590837412957, 0.007527579302361597, 13.496910833775251, 0.740685369310041, 0.002159212473395739, 1.7882221237234996, 0.09356720657436272, 0.2976744199470011]}, "10": {"initial_params": [0.004204362748149713, 0.015238095238116029, 0.01904761904761905, 0.003831182984281368, -0.6133333333333126, 0.01904761904761905, 0.0006552626409713345, 6.643809523809545, 0.01904761904761905, 0.000576670431056009, 7.0057142857143075, 0.01904761904761905, 0.0005591500915698876, 3.120000000000021, 0.01904761904761905, 0.00035747829420862154, 7.55809523809526, 0.01904761904761905, 0.0005342107208630059, 17.1961904761905, 0.01904761904761905, 8.801482876753758e-05, 13.634285714285737, 0.01904761904761905, 0.0003002186773509929, 1.920000000000021, 0.01904761904761905, 0.0002919280859367192, 14.300952380952403, 0.01904761904761905, 0.01904761904761905], "adjusted_R^2": 0.9374956691588936, "burst_range": [1228, 2229],