{
  "data": {
    "9": {
      "adjusted_R^2": 0.8188047660894091,
      "burst_range": [3890, 4151],
      "params": [
        0.4587923670220488, 3957.3655746233217, 3.4731795324355135,
        0.157893814300116, 3971.2555447947816, 0.9998225929802594,
        0.1050067216752453, 4046.946416887668, 6.337701644700152,
        0.05940425011372306, 3893.103847945421, 7.2723515070466025,
        0.04900693355720053, 4003.299811498303, 2.6295889573968045,
        0.1077949120210393, 3949.6973879865773, 2.5245572415173,
        0.13992435046727575, 3972.418055041893, 6.0685420641771834,
        0.23094076889104453, 4009.1802719051398, 11.224142061539075,
        1.2584760516335454, 4054.35352037424, 40.37415252232438,
        2.2792669136309476
      ]
    },
    "10": {
      "adjusted_R^2": 0.8172441674324239,
      "burst_range": [3948, 4139],
      "params": [
        0.42161472371596165, 3957.3267676814926, 3.2086340244181084,
        0.17644044256306118, 3971.204103618804, 1.006190249983417,
        0.5398170356757049, 4070.55352421861, 18.214503678507143,
        0.12848301316720925, 3999.221474429413, 5.765145684110356,
        0.04566731045519743, 4004.3483379626755, 2.1329136458425424,
        0.13352433073312822, 3949.9846261825655, 2.735046598268221,
        0.37764670623564645, 4016.674607946132, 10.09711173742924,
        0.3140330239145066, 4044.5517809616795, 9.003512205968944,
        0.14801796761424862, 4115.935823367149, 14.074240739911989,
        0.2102665322019922, 3972.9915120018427, 9.94329534391294,
        2.5722237325889066
      ]
    },
    "11": {
      "adjusted_R^2": 0.8173273124445233,
      "burst_range": [3948, 4135],
      "params": [
        0.4245954635251023, 3957.2160643024795, 3.2005946505299683,
        0.1875375193718201, 3971.1672818090797, 1.0112672594215881,
        0.3677192104778204, 4075.2935225728365, 13.001564350741313,
        0.21891478914337548, 3973.6834540113186, 12.061343390636036,
        0.3093109762667356, 4004.2348567490494, 6.526393499165179,
        0.12778311533124226, 3949.846245915822, 2.623889242262329,
        0.12642903905229236, 4117.856152901989, 10.103180974448472,
        0.5125851758365674, 4044.880683318322, 11.495731056884262,
        0.02677012959881555, 4028.149907307307, 1.8199043754166735,
        0.1462443775146386, 4018.9154606564707, 4.3156512588277645,
        0.04190880710078094, 4098.688403921355, 4.424970098986539,
        2.7518911313848355
      ]
    },
    "12": {
      "adjusted_R^2": 0.8173863738232917,
      "burst_range": [3948, 4139],
      "params": [
        0.4361354505667857, 3957.33337058133, 3.2686762395983715,
        0.17134322591125647, 3971.209696381184, 0.9930999737998865,
        0.0057540653384967125, 4038.441427789966, 0.8000580376183551,
        0.0319185090300999, 4000.0714152944984, 3.2421552160241105,
        0.03148136548985867, 4004.516401375654, 1.5604901829795301,
        0.13026117914632684, 3949.921983152106, 2.703138886111442,
        0.040778112189667266, 4120.67017786916, 5.752603481887178,
        0.24620004998727096, 4008.588387389161, 11.28220997388072,
        0.08616854352444815, 4046.679245751269, 5.42760045521271,
        0.15718293442613548, 3972.1085652500765, 7.554511660598064,
        1.1487954714390096, 4055.05298206048, 35.07032935217083,
        0.011115444909733624, 4018.4694240266454, 0.32656051698908484,
        2.5303780566181437
      ]
    },
    "13": {
      "adjusted_R^2": 0.8198585362559714,
      "burst_range": [3890, 4174],
      "params": [
        0.453414476073046, 3957.3704706146327, 3.389555673798318,
        0.16212660559568637, 3971.2341890779735, 0.989679588800397,
        0.033591650466149134, 4120.689628853801, 5.302656493817286,
        0.15802683721616576, 3972.1816847165346, 6.4944639534058295,
        0.5122750889694414, 4011.6641208249325, 15.841397366366367,
        0.12127931507322115, 3949.801917362655, 2.6576735357467935,
        0.6515672815284511, 4072.522763723874, 31.680053653621194,
        0.2448701488032807, 4046.908207059916, 8.39925453035295,
        0.02439424488908214, 4171.396468627128, 12.107679937909618,
        0.06095683115217217, 4003.425704800171, 2.9891396042442295,
        0.08900684445932709, 4071.147228715118, 9.097685602102485,
        0.010143523201623298, 4018.45776903695, 0.3009428577989731,
        0.059796591133579116, 3893.0583081376412, 7.3035007157862,
        2.384644923123537
      ]
    }
  },
  "optimum": "13"
}
