{
  "1": {
    "rsquared": 0.573404839599811,
    "adjusted": 0.570536972975272,
    "params": [
      2.6959530518031696, 268.18589954399584, 46.73817338125133,
      49.99999999999997
    ]
  },
  "2": {
    "rsquared": 0.8901976498274147,
    "adjusted": 0.888899311227401,
    "params": [
      1.7088987817984902, 331.7434227702218, 42.02921936663046,
      0.8008619915898406, 253.4426839647015, 3.653420407860298,
      11.55056070807492
    ]
  },
  "3": {
    "rsquared": 0.5734048398354067,
    "adjusted": 0.5661621376254815,
    "params": [
      8.132614577032424e-24, 0.03411178986169716, 5.168262465896999e-5,
      2.6959944629746007, 268.1853809580014, 46.74050063427632,
      4.0297459385934685e-16, 598.9999869313697, 371.5237215035973,
      49.99999999917872
    ]
  },
  "4": {
    "rsquared": 0.9095823701907233,
    "adjusted": 0.9075765183348861,
    "params": [
      0.0670134188711786, 188.87164135417964, 0.5295599040459653,
      1.0045406489404396, 252.90120931591116, 3.685157510524282,
      1.1812838845682812, 343.95666347944416, 29.339541664442653,
      0.2833080987489285, 301.25037761913717, 3.3151215760953647,
      15.693286727770214
    ]
  },
  "5": {
    "rsquared": 0.9102523697895533,
    "adjusted": 0.9077893130427829,
    "params": [
      0.3194323168276137, 301.8497258052245, 3.998966088768521,
      0.9964360759582948, 252.90520257880888, 3.6963857399868116,
      1.016020602741982, 347.24920135755923, 34.23164087384165,
      0.1615186656006269, 341.76604117531616, 3.9974793325590574,
      0.004018051224292479, 426.8817023705526, 4.799039199058131e-10,
      15.501392439189608
    ]
  },
  "6": {
    "rsquared": 0.8949294801414878,
    "adjusted": 0.8914875148357779,
    "params": [
      1.4468150857962548e-12, 582.4831441780884, 6.714038195700298,
      0.05849720166708218, 188.99075163130752, 0.7077883252760686,
      0.8239552723686784, 253.37808839442363, 3.6816614117473807,
      1.6474759594934867, 331.3617385143364, 39.710732779660326,
      0.038707270476646315, 415.6775375096691, 0.5502211552227813,
      5.582071011632393e-11, 598.8574013600366, 0.2775349073164108,
      11.904552949896587
    ]
  },
  "7": {
    "rsquared": 0.9133492936895932,
    "adjusted": 0.9100454539342571,
    "params": [
      0.06812184184911733, 188.85245167651541, 0.5163928453087906,
      0.34058116025457014, 381.49933442759954, 23.109623721367537,
      1.031295097963838, 252.8483139585341, 3.671279922182383,
      0.41717412763681005, 301.58980350891824, 4.679762848521835,
      0.7110202402464316, 339.506187577705, 15.70743612788428,
      3.191100252389185e-41, 327.790981796866, 394.8163125628182,
      2.0299361235876808e-46, 565.9984045166907, 86.26918176948917,
      16.363867566297667
    ]
  },
  "8": {
    "rsquared": 0.8950538394027168,
    "adjusted": 0.8904830135927305,
    "params": [
      0.012378904423535824, 180.89409304713166, 0.09034807761597331,
      4.264124563600389e-35, 11.25095652679073, 239.97293867946775,
      0.05149110083170919, 189.09738549640872, 0.5369410212922107,
      0.8241922210301276, 253.3769105617647, 3.6814186929020822,
      1.647154814658522, 331.3638153651271, 39.69907394244181,
      0.03874051574151915, 415.6770210699757, 0.5505996096707583,
      1.1858940193600292e-36, 232.28722769873437, 130.0510190391186,
      3.2533053537718834e-38, 598.9999999999998, 13.039819504162965,
      11.910421548921716
    ]
  },
  "9": {
    "rsquared": 0.9133490642115503,
    "adjusted": 0.909099981545917,
    "params": [
      4.0325086254007494e-26, 396.0609800834806, 199.41803409114831,
      2.180880355732467e-10, 0.004032762264046141, 37313.914064949655,
      0.06811766640770729, 188.85469681287395, 0.51319757342368,
      1.0313101646539593, 252.8484462680682, 3.6709495957901175,
      0.4154809821743977, 301.5688843859036, 4.649336971590438,
      0.7191871066829835, 339.56913747443446, 15.844323960909852,
      0.334052933420251, 382.01078759744445, 22.88583623971115,
      8.435536546830386e-16, 266.02236330337064, 193.94550461901014,
      2.544780869195251e-7, 598.9583846886521, 16.62959441607537,
      16.364483826232494
    ]
  },
  "10": {
    "rsquared": 0.986012308577213,
    "adjusted": 0.9852488958411102,
    "params": [
      3.641560903170075e-11, 5.513533364482441, 21.687612962454015,
      7.313159158479569e-12, 66.58660895913869, 8.977852762108116,
      0.05925279205010847, 191.92481631041272, 6.734702158976154,
      0.6094965101587395, 255.68725231119578, 4.537782392364299,
      0.23116617284849553, 271.0807900591504, 0.979075428334185,
      1.3586207867257887, 347.0441481347473, 38.91205230128067,
      0.1982265152250383, 304.6919898619087, 7.370955862924796,
      0.036157385002743944, 419.6115615992173, 5.0219468002346215,
      0.06369225233909835, 346.1008756003584, 4.394328863305542,
      8.171263248319994e-36, 578.3195286362295, 6.268087972295451,
      3.588910982660316
    ]
  },
  "11": {
    "rsquared": 0.9150993925468096,
    "adjusted": 0.9099903294434317,
    "params": [
      3.2029195789240895e-7, 52.593056500049215, 12.400303027365512,
      0.07447190866538782, 396.72753300782676, 4.653178000144915,
      0.01595984387848919, 180.81373504715935, 0.11917552692978232,
      0.057740057387392824, 188.99822333302035, 0.03821497997702054,
      1.0296154966870579, 252.85749235597214, 3.6766614928485013,
      0.43632900451437195, 301.84920882765533, 5.024590157081231,
      0.7548171278017508, 340.96977782938086, 14.856738677226527,
      0.058281765277566, 415.5154950731928, 0.626732684267434,
      0.14792867237342852, 374.859197709445, 5.483295091111762,
      1.923837349753158e-38, 497.03025747779594, 13.434880793157866,
      2.4909414307614374e-44, 550.1872211209443, 13.654377326997222,
      16.29694330158001
    ]
  },
  "12": {
    "rsquared": 0.9133492997593318,
    "adjusted": 0.9076445383555867,
    "params": [
      9.846627356898592e-9, 0.14061088499249763, 0.18058566596082623,
      1.2246215483191849e-29, 598.893045687885, 1228.4704186858978,
      1.1852116716301897e-36, 2.3397319637297187e-9, 305.76943379850326,
      0.06811381994912129, 188.854710627014, 0.5132733138307175,
      1.1344887096208056e-6, 0.4018217649490907, 2.8197202579201113e-5,
      1.0312832803227028, 252.84832195636247, 3.6714844103789397,
      0.41716500829351716, 301.5894764315924, 4.679537130015726,
      0.7103732388917201, 339.4967417285156, 15.703718199412037,
      0.3412815011769162, 381.446717677731, 23.148990554744984,
      1.1115366222117946e-25, 598.9086396062821, 0.37653670917466375,
      1.2525752009908097e-33, 573.5334971005578, 1.686001989535083,
      1.0083591913358608e-24, 598.820573531121, 0.8067509520559956,
      16.363144664717787
    ]
  },
  "13": {
    "rsquared": 0.9142841567697981,
    "adjusted": 0.9081506438374044,
    "params": [
      3.048381161365486e-7, 0.034802482581199, 4.129023327194534,
      5.0591099301396085e-23, 5.936283824399936, 160.33908573628028,
      6.359048668245129e-7, 5.809730405785501, 0.00029499866334148546,
      0.06803842954544702, 188.85588195569812, 0.5142337286535505,
      8.280878770711094e-8, 0.8436041349706329, 6.232125581417392,
      1.0301258695399889, 252.85490957631583, 3.6752774031431654,
      0.43052089428477514, 301.7608021705983, 4.9091108736998645,
      0.7440444952717754, 340.41385698560515, 15.013087290111088,
      0.2294178523342403, 379.2901133058607, 12.598984876663712,
      0.0670013866550314, 414.53742931132064, 2.3840367805422638,
      6.468334610725356e-23, 567.8152425989333, 10.322538911714203,
      6.562283190028976e-16, 577.6165668810916, 2.8191275735206953,
      8.101407601732156e-9, 598.7726423211193, 1.734752207165795,
      16.31646417553288
    ]
  },
  "14": {
    "rsquared": 0.9142871280869698,
    "adjusted": 0.9076582548994512,