{
  "1": {
    "rsquared": 0.6136289486819355,
    "adjusted": 0.6134325720357764,
    "params": [
      1.967281073030962, 3950.9761809234224, 2.978624458119751,
      49.99999999999999
    ]
  },
  "2": {
    "rsquared": 0.754420569234813,
    "adjusted": 0.7542020544241665,
    "params": [
      0.7958375046621856, 3953.45783401599, 3.6456887584215445,
      1.7209878076933927, 4031.7848262591297, 42.5198966643034,
      11.477384680670907
    ]
  },
  "3": {
    "rsquared": 0.6152702444196476,
    "adjusted": 0.6147810153306594,
    "params": [
      0.8656017749221486, 3953.8265380874514, 0.9760051984216882,
      1.1065301131832637, 3948.709094530355, 2.0975264117887353,
      0.028571565447260576, 5906.953957437136, 0.1604553458048612,
      49.99999999999999
    ]
  },
  "4": {
    "rsquared": 0.7544205692732502,
    "adjusted": 0.7540144463118652,
    "params": [
      0.7958292297572429, 3953.457857647382, 3.6457675607906688,
      1.5108173416178432e-32, 6129.324456696642, 4290.15648713252,
      6.0144737917019465e-34, 145.5502484480662, 905.8177358364472,
      1.7209995257492008, 4031.784783399595, 42.52028861723448,
      11.477088122147906
    ]
  },
  "5": {
    "rsquared": 0.6151619907059888,
    "adjusted": 0.6143784060599333,
    "params": [
      0.8657847653480782, 3953.8262829790588, 0.9758472338758157,
      8.563280505487439e-36, 2572.321832058906, 5.4077989629012,
      1.1063422567857892, 3948.708558733888, 2.0967118633074433,
      4.992656426333248e-31, 5179.843644930815, 17.384427622547,
      0.01361371057374741, 6604.4252496104045, 0.1486324840117599,
      49.99999999999999
    ]
  },
  "6": {
    "rsquared": 0.6137833293736308,
    "adjusted": 0.6128491324618675,
    "params": [
      1.9672800166880726, 3950.9762167886697, 2.97859452269789,
      0.02664555654827486, 2193.4493694116754, 40.89839225930318,
      6.166064657058005e-5, 3325.0054621927366, 0.6895529929384326,
      0.0004650303557189652, 4310.226597874272, 0.07412090160824217,
      0.015061554422940767, 5633.4441133388955, 0.3858598587265071,
      0.018246658791459428, 6755.469738687174, 0.8413961521227318,
      49.99999999999999
    ]
  },
  "7": {
    "rsquared": 0.6153233876033251,
    "adjusted": 0.6142455876195341,
    "params": [
      0.8654543535553376, 3953.8267387310157, 0.9755320906255622,
      0.013082014866317767, 1966.238647049231, 0.399477351779968,
      9.47447222082102e-36, 2955.85589624131, 5.056747448738746,
      1.106675569644353, 3948.7095435365372, 2.097788152607427,
      0.012317957371881502, 4933.300875221414, 2.663129800157432,
      0.028574920451708563, 5907.681362257353, 1.2176449867712724,
      0.003507270557369304, 6889.3374916026805, 4.318697839696489,
      49.99999999999999
    ]
  },
  "8": {
    "rsquared": 0.6136040848880866,
    "adjusted": 0.6123733678696386,
    "params": [
      1.9677013438070883, 3950.975138383749, 2.9808808320184106,
      0.0010093511249432109, 1574.6987598733385, 5.115488486677081,
      0.001221459280518516, 2669.000047906207, 0.1527180867859804,
      0.002191732458277917, 3281.403060798122, 19.80174707515958,
      0.006018733025617829, 4377.154193195076, 0.5229755618200738,
      0.0019488024756895966, 5302.353944612654, 10.079425361932973,
      2.9999997384767605, 5943.079354737378, 254307459.80520576,
      0.0028879790858944918, 6980.334825890086, 0.3913584790084619,
      49.99999999999999
    ]
  },
  "9": {
    "rsquared": 0.7551631213407473,
    "adjusted": 0.7542893726022233,
    "params": [
      0.7942813441598406, 3953.466898291165, 3.6480561178629833,
      0.012245725435092461, 1105.9113407970553, 2.924317534307624,
      3.4214983325741995e-6, 2372.8415262168037, 0.00023892711232336662,
      1.0849462026456746e-32, 2535.4016189822455, 74.7561110666113,
      1.7228337635549562, 4031.7722028124567, 42.58100704897306,
      0.007177125249589617, 4691.27371542576, 0.15571043448614513,
      0.01731101331056005, 5525.796656546111, 1.710315709308516,
      0.017831262817466734, 6287.548800083798, 1.7321859331441694,
      0.026205317137417247, 7165.019030157679, 11.479516531178762,
      11.433903749339063
    ]
  },
  "10": {
    "rsquared": 0.754927907198437,
    "adjusted": 0.7539592428000119,
    "params": [
      0.795785299129215, 3953.458237593585, 3.64596383523726,
      0.01588652722450711, 6345.306842002545, 30.896382287572948,
      0.017043529582329815, 2214.240098369901, 16.185145366132435,
      5.880182862642466e-35, 2737.8045272811996, 16.251830292321355,
      0.008271467217155461, 2861.3372671637235, 0.05194819210408327,
      1.965576900427964e-35, 3547.866795002196, 0.026924697173130355,
      1.7210231292196307, 4031.7846956331646, 42.520399986224795,
      0.010305665531093593, 5696.764113699361, 0.1841121783518606,
      0.007754540113245584, 6502.776788015995, 0.35232866962648585,
      0.026213198000662057, 7164.990962344866, 11.472239519966822,
      11.475345193330808
    ]
  },
  "11": {
    "rsquared": 0.7547416312536205,
    "adjusted": 0.7536780107769142,
    "params": [
      0.7997946658714156, 3953.444048559538, 3.6495178168553086,
      0.004342902395115293, 1126.998793870357, 0.0061566287029209965,
      0.010065111264973855, 1966.441050763881, 0.3852401810764916,
      0.002576672376908178, 2318.2965101640793, 0.0011599111310515435,
      0.0027307965908520805, 2948.036889627306, 0.008584469386951529,
      1.7138725922437887, 4031.8373971365295, 42.227280409835316,
      0.010784208776088357, 4557.642294378832, 8.05458133232827,
      0.00032656801943599893, 7574.705480869377, 29806266.417346526,
      0.04602475908139536, 5912.973452011741, 56.113476889285224,
      0.004715147378230296, 6615.657629727761, 41.229585989654915,
      0.0319246164526853, 6865.963466943424, 825.9569959993333,
      11.545781094609383
    ]
  },
  "12": {
    "rsquared": 0.8045470139303242,
    "adjusted": 0.8036242423998179,
    "params": [
      0.5429164232061048, 3956.3456953913683, 4.4910020014518315,
      0.009427180460556045, 1109.019924298288, 4.307257394189235,
      3.4681901058197836e-31, 312.26898765604574, 95688.91048374113,
      0.005174782653841266, 2412.1130519719122, 3.2896874088307677,
      0.011452008411940147, 3041.998733164294, 2.114539206090098,
      0.19343731317569735, 3971.262853999408, 1.105768193570025,
      1.7897358711787978, 4038.181161593335, 45.075716238642606,
      0.0004291723273214413, 4411.511229525053, 0.0010510308144939104,
      0.00610961950037186, 7345.366716186862, 0.8659855057152329,
      0.008245244980166818, 6027.3576629587005, 1.071097115549248,
      0.015275331074838194, 6840.420386250217, 559.0703005663618,
      0.04019570172327243, 5917.871410854978, 43.78302402673104,
      2.5244985721754962
    ]
  },
  "13": {},
  "14": {
    "rsquared": 0.616128134618965,
    "adjusted": 0.6140202952355676,
    "params": [
      1.962463770878337, 3950.9646848182365, 2.973200083734562,
      0.014721732423344885, 1050.4019175827711, 0.15280400875055353,
      0.0005154211119811576, 1604.731363764221, 0.938295122108394,
      0.008999665399325086, 2091.5205861591453, 2.925469754285607,
      4.2033722216246987e-26, 2651.579437258865, 0.004234740086517863,
      1.7099920561877951e-28, 3057.630560121082, 396.45588741351276,
      0.01682604600631367, 3668.863263353869, 0.9998436496299783,
      0.10885473099921902, 4112.859335830666, 0.008907212843722017,
      1.766645569405442e-35, 4750.649972935685, 0.06722303076766786,
      1.0687735802823359e-38, 5249.449466803641, 0.651555596915732,
      0.06144099238518449, 5878.252205283414, 96.9380497164907,
      0.02995093571462195, 6286.414113140913, 0.31124887283321867,
      2.5387218213681637e-7, 6682.11010674175, 271.22165019347113,
      2.4166941750771002e-31, 7242.42408523769, 0.001090366614726923,
      49.99999999999999
    ]
  },
  "15": {
    "rsquared": 0.7551519147868793,
    "adjusted": 0.7537131038620193,