{
  "data": {
    "1": {
      "adjusted_R^2": 0.6134325717040049,
      "burst_range": [3949, 4216],
      "params": [
        1.9672718520942964, 3950.976336311418, 2.97819826571346,
        49.99999999999999
      ]
    },
    "2": {
      "adjusted_R^2": 0.7542020544627688,
      "burst_range": [3937, 4153],
      "params": [
        0.7958278972084942, 3953.4578715434814, 3.64576245318984,
        1.7209999874544366, 4031.7847381977945, 42.52028483398742,
        11.477053002411019
      ]
    },
    "3": {
      "adjusted_R^2": 0.8035256474854747,
      "burst_range": [3930, 4152],
      "params": [
        0.5429453634282665, 3956.344479947751, 4.490659002563478,
        0.19345542805560378, 3971.2623696810733, 1.1052447467147104,
        1.7896774091430705, 4038.1811083707958, 45.07385892411388,
        2.526179162626565
      ]
    },
    "4": {
      "adjusted_R^2": 0.8111373874741636,
      "burst_range": [3946, 4147],
      "params": [
        0.592383264090813, 3955.8580595504573, 4.53945533663194,
        0.2202723408279492, 3971.121085312189, 1.0085394859850645,
        1.555538167575274, 4044.8141487162256, 40.68436153364911,
        0.12967989899887297, 4004.088018439225, 5.0018002157201735,
        3.284379799820251
      ]
    },
    "5": {
      "adjusted_R^2": 0.8114976815162908,
      "burst_range": [3947, 4145],
      "params": [
        0.5826429813821202, 3956.9134165467362, 4.893968717249584,
        0.1606522485511281, 3971.328122038126, 1.148913100642219,
        1.5206293037487386, 4047.2774589273977, 39.885267174837075,
        0.14750412095359294, 4005.514594662101, 6.361759409200216,
        0.08293534650666273, 3975.0997258508787, 3.738845879875454,
        1.8248585658573098
      ]
    },
    "6": {
      "adjusted_R^2": 0.8155616317250577,
      "burst_range": [3947, 4152],
      "params": [
        0.46453994345033756, 3956.845911877123, 3.131867225972916,
        0.23565039276253696, 3971.0017420131157, 0.9820701186997589,
        1.4050472366041475, 4047.8374592153586, 42.096963940324954,
        0.0793030066026843, 4046.0067658099656, 5.004826002277383,
        0.19494218646863365, 4005.006222117694, 7.326453372067604,
        0.1332164558202036, 3949.4672598351576, 2.369471455443026,
        3.732530861925495
      ]
    },
    "7": {
      "adjusted_R^2": 0.8140374884961696,
      "burst_range": [3948, 4145],
      "params": [
        0.46365633471127043, 3957.377108199207, 3.5432765546046325,
        0.15335102158753483, 3971.272159494667, 1.002109808431482,
        0.12355696497400717, 3972.3817608131185, 5.483731287730468,
        0.033619333533076265, 4017.248481729446, 2.6663608705046213,
        0.13095829418379182, 4004.0683288770883, 4.647553447481003,
        0.09887955925435252, 3949.6264699788762, 2.4361615790366082,
        1.4914259261929241, 4047.868362879141, 39.48442096670503,
        2.1969357699426197
      ]
    },
    "8": {
      "adjusted_R^2": 0.8167923295242168,
      "burst_range": [3944, 4164],
      "params": [
        0.46495556879858585, 3956.827249372177, 3.142341925998262,
        0.23582172717688688, 3971.0072298762825, 0.986534170343164,
        1.1761976546100756, 4050.0993623787713, 47.731568813117775,
        0.07050346056558872, 4071.168900168025, 8.435475573236433,
        0.07040169976137317, 4002.4959461660187, 2.8924892389359433,
        0.12844339930894155, 3949.4474098235237, 2.307083009079352,
        0.21927660786056727, 4010.9508438511566, 11.535364870426754,
        0.16662717434400326, 4046.1651177930635, 7.018043896589202,
        3.7209282730755158
      ]
    },
    "9": {
      "adjusted_R^2": 0.8188047660894091,
      "burst_range": [3890, 4151],
      "params": [
        0.4587923670220488, 3957.3655746233217, 3.4731795324355135,
        0.157893814300116, 3971.2555447947816, 0.9998225929802594,
        0.1050067216752453, 4046.946416887668, 6.337701644700152,
        0.05940425011372306, 3893.103847945421, 7.2723515070466025,
        0.04900693355720053, 4003.299811498303, 2.6295889573968045,
        0.1077949120210393, 3949.6973879865773, 2.5245572415173,
        0.13992435046727575, 3972.418055041893, 6.0685420641771834,
        0.23094076889104453, 4009.1802719051398, 11.224142061539075,
        1.2584760516335454, 4054.35352037424, 40.37415252232438,
        2.2792669136309476
      ]
    },
    "10": {
      "adjusted_R^2": 0.8172441674324239,
      "burst_range": [3948, 4139],
      "params": [
        0.42161472371596165, 3957.3267676814926, 3.2086340244181084,
        0.17644044256306118, 3971.204103618804, 1.006190249983417,
        0.5398170356757049, 4070.55352421861, 18.214503678507143,
        0.12848301316720925, 3999.221474429413, 5.765145684110356,
        0.04566731045519743, 4004.3483379626755, 2.1329136458425424,
        0.13352433073312822, 3949.9846261825655, 2.735046598268221,
        0.37764670623564645, 4016.674607946132, 10.09711173742924,
        0.3140330239145066, 4044.5517809616795, 9.003512205968944,
        0.14801796761424862, 4115.935823367149, 14.074240739911989,
        0.2102665322019922, 3972.9915120018427, 9.94329534391294,
        2.5722237325889066
      ]
    },
    "11": {
      "adjusted_R^2": 0.8173273124445233,
      "burst_range": [3948, 4135],
      "params": [
        0.4245954635251023, 3957.2160643024795, 3.2005946505299683,
        0.1875375193718201, 3971.1672818090797, 1.0112672594215881,
        0.3677192104778204, 4075.2935225728365, 13.001564350741313,
        0.21891478914337548, 3973.6834540113186, 12.061343390636036,
        0.3093109762667356, 4004.2348567490494, 6.526393499165179,
        0.12778311533124226, 3949.846245915822, 2.623889242262329,
        0.12642903905229236, 4117.856152901989, 10.103180974448472,
        0.5125851758365674, 4044.880683318322, 11.495731056884262,
        0.02677012959881555, 4028.149907307307, 1.8199043754166735,
        0.1462443775146386, 4018.9154606564707, 4.3156512588277645,
        0.04190880710078094, 4098.688403921355, 4.424970098986539,
        2.7518911313848355
      ]
    },
    "12": {
      "adjusted_R^2": 0.8173863738232917,
      "burst_range": [3948, 4139],
      "params": [
        0.4361354505667857, 3957.33337058133, 3.2686762395983715,
        0.17134322591125647, 3971.209696381184, 0.9930999737998865,
        0.0057540653384967125, 4038.441427789966, 0.8000580376183551,
        0.0319185090300999, 4000.0714152944984, 3.2421552160241105,
        0.03148136548985867, 4004.516401375654, 1.5604901829795301,
        0.13026117914632684, 3949.921983152106, 2.703138886111442,
        0.040778112189667266, 4120.67017786916, 5.752603481887178,
        0.24620004998727096, 4008.588387389161, 11.28220997388072,
        0.08616854352444815, 4046.679245751269, 5.42760045521271,
        0.15718293442613548, 3972.1085652500765, 7.554511660598064,
        1.1487954714390096, 4055.05298206048, 35.07032935217083,
        0.011115444909733624, 4018.4694240266454, 0.32656051698908484,
        2.5303780566181437
      ]
    },
    "13": {
      "adjusted_R^2": 0.8198585362559714,
      "burst_range": [3890, 4174],