{"1": {"rsquared": 0.6136289486127087, "adjusted": 0.6134325719665144, "params": [1.9672772668838274, 3950.9761409785206, 2.9784484237363067, 49.99999999999999]}, "2": {"rsquared": -0.012782407657987216, "adjusted": -0.013683574157746348, "params": [0.005099323298425066, 2319.6935578984076, 4.6321073036602896e-07, 0.00806608500309984, 4928.954498312831, 0.21411840045018293, 18.174818102607517]}, "3": {"rsquared": 0.6137747288372941, "adjusted": 0.6132835980245237, "params": [0.005736358313283768, 1889.611958376802, 1.5694608696406642, 1.9672803984334841, 3950.976217729267, 2.97859486814616, 0.0287170912373002, 5907.550347611758, 0.7260720054058764, 49.99999999999999]}, "4": {"rsquared": 0.549487690348545, "adjusted": 0.5487426629950953, "params": [2.705360547439301, 3968.511378826244, 47.06697359256692, 0.019939901283013248, 7641.385410476907, 5.524594662335681, 0.013252535701349521, 4655.738467508793, 1.4809607736007362, 0.030131938864298834, 6286.506478502346, 0.08368493699535609, 49.99999992376755]}, "5": {"rsquared": 0.6137531407539691, "adjusted": 0.6129666874900424, "params": [0.011387927354875468, 1058.8242022308896, 0.028568624067886364, 0.023557489717027216, 2198.6182589896644, 15.600589918495805, 1.9672839088040732, 3950.976320388708, 2.9787593250523994, 0.008066227421945809, 4920.748577080714, 0.011559869580789165, 0.010852784310570407, 6462.563400219778, 0.07049250131710948, 49.99999999999999]}, "6": {"rsquared": -0.011946511335594767, "adjusted": -0.01439424955524804, "params": [0.009541502598301681, 1108.3356401611836, 3.868082782694436, 0.016387665116618155, 2221.1301177675114, 17.03114747711597, 6.409077492206201e-36, 3429.844604268727, 0.4401893678334019, 0.01098187309486889, 4944.498182120277, 0.42108425153915674, 0.049312908051424964, 5927.652723354799, 61.022575428937216, 0.012296518162430785, 6765.596473280553, 1.1700820071371514, 3.5974725087973334]}, "7": {"rsquared": 0.613846277809664, "adjusted": 0.6127643392095383, "params": [0.00024855411635332314, 1288.1536347591627, 82.33011513088834, 0.004592627088146478, 1978.0937889991633, 22.886176052820453, 2.810556746258356e-05, 2470.601771003113, 0.10681611239406164, 1.967280398898666, 3950.9762177582306, 2.9785949285569333, 0.008802897161433183, 4943.868123290308, 0.6461973536579163, 0.04871665316516864, 5888.648821853578, 40.51179066421889, 0.004107677829037143, 6699.5271009389, 4.553669881354317, 49.99999999999999]}, "8": {"rsquared": -0.012769370731981367, "adjusted": -0.015995161822349502, "params": [6.462738728916355e-14, 835.0307546364534, 330.7944862128993, 0.008183855734945306, 1706.0352148218699, 0.0022699127024968318, 2.4091412668673106e-28, 2678.453842862722, 0.32553214655511453, 2.5986428815220158e-23, 3419.442403774048, 7.699009227224407, 0.004505330987641564, 4375.568897808822, 0.0816059133706938, 2.119896280130751e-23, 5240.281935670442, 0.08093137095966457, 1.734825227131744e-13, 6110.848399365652, 0.3473713855560515, 0.007630097378683247, 6982.782575992227, 0.9542649274059712, 21.631281471229144]}, "9": {"rsquared": 0.6139916600035757, "adjusted": 0.6126141130344323, "params": [0.0038989213817613158, 696.0372914475852, 11.239946395633442, 3.5735332011657617e-38, 1497.6570569058467, 6.239490650283592, 0.0009689168077861298, 2356.6749451310657, 0.042404495834229845, 0.004350457644244029, 2851.543962208769, 0.0015551005000401033, 1.9672801521402992, 3950.9762171332095, 2.9785947006431996, 0.00585104127488426, 4458.116782742527, 0.0013673455580751365, 0.01948332819601394, 5515.726858564824, 0.6336770490923671, 0.02947029635949053, 6285.994559633529, 0.9988041614468522, 0.032272360631635896, 7151.576524557444, 12.093880733974471, 49.99999999999999]}, "10": {"rsquared": 0.5496355705952833, "adjusted": 0.5478554740363715, "params": [0.005200153498475243, 1152.4070272373465, 0.5821046872463022, 0.008138160109909887, 1361.268122031372, 0.29391607748587284, 0.02349731506025475, 2198.7822753986534, 15.323755452314325, 2.389655962359195e-26, 3603.537528475601, 9.515750546769755, 4.478177491372618e-39, 7248.110974698557, 0.7662704681364644, 2.705360687796857, 3968.511386238157, 47.06697862724599, 2.2735818020774028e-42, 5002.208430546243, 184.09983232182432, 0.026742430979923768, 5697.073509656092, 1.9578298987321225, 5.8030812107677435e-25, 6391.454615521178, 14.392350620481018, 0.03355862419863156, 7155.731011378931, 0.714523920113182, 49.99999998428349]}, "11": {"rsquared": 0.6141170843915794, "adjusted": 0.6124436125636857, "params": [7.513742732577386e-83, 498.61110803587417, 4.133899618185628e-09, 1.430721998693449e-33, 1347.9737116997303, 331.73712309250215, 8.800786364544141e-73, 1920.1366480941101, 180.73153212961788, 6.204501550047439e-46, 2532.439720477554, 40.427792396564946, 3.2614028365628964e-44, 3249.415120814794, 63.52307937351678, 1.967280366439338, 3950.9762177168936, 2.978594861312901, 0.0043111027361108795, 4574.087855222683, 52.402053686199885, 4.901472143835527e-36, 5076.643424235352, 0.03115956735922909, 0.048665860858589725, 5888.58836294924, 40.423783870373214, 0.023192880225982346, 6292.706962386297, 0.009282217448237309, 0.033681519210805054, 7156.052362409169, 0.16696106810030337, 49.99999999999999]}, "12": {"rsquared": 0.5466133831834289, "adjusted": 0.5444728568567461, "params": [1.4109661349379608e-13, 803.6922866242999, 251.53017650770204, 0.017054259327517696, 1222.8819321922633, 3.6675611852013335, 0.012259979809910762, 1661.0018900232926, 0.00045429382102034013, 0.0057313354984076, 2467.843905705312, 28.270835931503722, 0.012792230064454513, 3040.9846378576913, 1.3060780493851023, 0.0027001479078795246, 3355.372970396317, 8.250965853263148, 2.663598589194928, 4006.455465324332, 61.73235960403329, 0.002542251016649163, 4849.1182930722525, 0.6797307415661997, 1.9176226034068518e-16, 5441.527647004736, 27.02103610168182, 0.05609970677055771, 5928.751372416298, 81.41541417548225, 0.010857853715925294, 6661.271640571405, 204.25564867634034, 0.005464991669438666, 7348.983449720863, 1.2783405814952848, 4.868808941938526]}, "13": {"rsquared": 0.6138187179265513, "adjusted": 0.6118468962156836, "params": [0.005671343227063847, 529.7365502709204, 2.9307314205146113, 0.017720915740353445, 1102.520742342449, 0.13824843737797698, 0.0008299027233434915, 1344.66272508569, 0.017317629865363473, 0.021925124836461345, 2206.94439786965, 3.334093805861571, 1.0935776919242117e-06, 2831.5152906437297, 0.35373283002465, 8.309279140321936e-16, 3305.6397222313835, 3.253974579312338, 1.9672803878657283, 3950.976217737682, 2.9785949353807593, 0.00798392565306718, 4626.134737769377, 0.6852253605769317, 6.399546784737901e-20, 5116.412011988632, 0.44317966339453857, 0.015040412787959714, 5633.436841828362, 0.39806548434236355, 5.895997414106644e-06, 6229.959705110561, 2.9418874722083066, 0.004501558929350227, 6701.014472478145, 3.393366560571038, 7.604528326094268e-10, 7024.631791377738, 0.08359366023331072, 49.99999999999998]}, "14": {"rsquared": 0.5495402273955334, "adjusted": 0.5470667539921377, "params": [0.009409519108644945, 519.7749881701993, 0.20731712567887495, 0.015557310471698872, 1051.6912460540225, 4.348903444747111, 1.4887253228577024e-32, 1581.9990768464731, 17.391483583836603, 0.0036551302901149615, 2417.936258966856, 15.435818175482654, 2.4052227054059263e-31, 2662.072195348881, 0.0003161254396907096, 4.376687391552347e-35, 3128.6369262227026, 4.64869389527643, 0.006433910643201782, 3662.0011594953307, 12.557149529156778, 2.7052164457761854, 3968.5293740088186, 47.07578132024692, 0.010390638184527942, 4931.084635663054, 7.123258930837625, 2.664813652625081e-30, 5244.669358725181, 0.13823779593558952, 0.01591383652828948, 5512.682614299227, 0.0008137947016264545, 0.029911989659834857, 6286.346594264098, 0.4322660584138379, 0.014341422685822953, 6756.850718816918, 11.826604538824387, 1.53521327003617e-28, 7329.722370143872, 3.863169602821436, 49.97615710029025]}, "15": {"rsquared": 0.6140863435578265, "adjusted": 0.6118185831852742,