{
  "data": {
    "1": {
      "adjusted_R^2": 0.44452473631424483,
      "burst_range": [296, 571],
      "params": [
        0.05057555118442386, -0.24869067782989937, 0.13221336292576505,
        0.9523809523809523
      ]
    },
    "2": {
      "adjusted_R^2": 0.4588136504870465,
      "burst_range": [296, 577],
      "params": [
        0.04605169906002232, -0.26765910744354404, 0.12139095072642048,
        0.007846780417504959, 0.4577890698425654, 0.000367732455675898,
        0.952380952380929
      ]
    },
    "3": {
      "adjusted_R^2": 0.9367365868555968,
      "burst_range": [261, 704],
      "params": [
        0.020728334986845846, -0.09328975616938073, 0.17034538196050167,
        0.007329937055593419, 0.475577565328652, 0.03704108100796104,
        0.06816285504830398, 3.0235050680923714, 1.7166200010156525,
        0.09895429087363458
      ]
    },
    "4": {
      "adjusted_R^2": 0.9496116683662389,
      "burst_range": [293, 694],
      "params": [
        0.022581446159422498, -0.11052947505389757, 0.17252528954387725,
        0.008341037592272511, 0.47111530122056966, 0.03407856477271703,
        0.004872397826895971, 1.7256043409765554, 0.18528968957006772,
        0.05936555354515737, 3.2741637328047286, 1.55207291945067,
        0.12612917142281385
      ]
    },
    "5": {
      "adjusted_R^2": 0.9506897490585774,
      "burst_range": [294, 695],
      "params": [
        0.022697916201828885, -0.110410828991301, 0.17314465042538238,
        0.00841706926025382, 0.471245334026123, 0.034495939946931724,
        0.0047050996845317515, 1.7038089741422544, 0.15652717429081303,
        0.0010379259060649983, 2.2109476482823363, 0.07851685353438981,
        0.0582553277591214, 3.313079013161262, 1.5456432876287678,
        0.12616209826974467
      ]
    },
    "6": {
      "adjusted_R^2": 0.9508012005773,
      "burst_range": [294, 723],
      "params": [
        0.022686466260484112, -0.11004796361066806, 0.1732621169418077,
        0.008409559243328434, 0.4713464041266391, 0.03463085429910992,
        0.0046936954830939, 1.7041790024561951, 0.1564526155551299,
        0.0010357265278251797, 2.211051939442189, 0.07850779492927941,
        0.058278823404023614, 3.3123486403427997, 1.546005672442094,
        0.00030279888798500384, 8.694978993625607, 0.002743111163997257,
        0.125575996234814
      ]
    },
    "7": {
      "adjusted_R^2": 0.9545028530679053,
      "burst_range": [180, 749],
      "params": [
        0.022785853896575024, -0.11131247373853752, 0.1731526104095118,
        0.008467502533373469, 0.4710354957226146, 0.034318409328254446,
        0.004821628946588269, 1.7023898298992572, 0.15932607747593805,
        0.0010440099454023255, 2.2123691504668344, 0.07721122961030631,
        0.05782073916045593, 3.3184836277057483, 1.5302722859514433,
        0.000763616561949669, 8.154386312786903, 0.3891901878144895,
        0.0022098825983120013, -2.541723418631353, 0.2508135857276163,
        0.12769066247125185
      ]
    },
    "8": {
      "adjusted_R^2": 0.959171593608008,
      "burst_range": [181, 729],
      "params": [
        0.022581011800781897, -0.11156544715274182, 0.17179751017996073,
        0.00842764288774722, 0.47089821983113095, 0.033928553575932836,
        0.0053738233748899045, 1.7044952186497568, 0.1676895182562907,
        0.001746480220638144, 2.2278428118268248, 0.10559267078442876,
        0.0032822570136580944, 3.342280330360407, 0.20703704448492172,
        0.00022245381391877155, 8.645896863810366, 0.0030222442495897728,
        0.0021747326311030457, -2.5457191597001465, 0.24503486549010897,
        0.05436252396277276, 3.374393755856717, 1.6638048733782973,
        0.12837216193391043
      ]
    },
    "9": {
      "adjusted_R^2": 0.9591294993459817,
      "burst_range": [181, 763],
      "params": [
        0.022620712143197986, -0.11188135834475968, 0.17185610565428078,
        0.008446941611271517, 0.47083119130622403, 0.03388061128212478,
        0.005406593282917013, 1.7040208622843294, 0.16854440694704076,
        0.00173242909621376, 2.227933821377452, 0.10453820888515511,
        0.0032315720812287367, 3.3414136021390846, 0.20465862883954736,
        0.00020402586202635444, 9.636568778283126, 0.18527328106432026,
        0.0021787877332897073, -2.545754026470417, 0.24540382590902116,
        0.054230115337688144, 3.374640550483361, 1.6536985139998526,
        0.0005641182344515852, 8.246861900497324, 0.31270338640796586,
        0.12889338958110197
      ]
    },
    "10": {
      "adjusted_R^2": 0.9589882424550272,
      "burst_range": [181, 763],
      "params": [
        0.022620723594227073, -0.11188138311999295, 0.17185612222398824,
        0.008446947124231878, 0.4708311823570427, 0.03388062371559395,
        0.005406597929649241, 1.7040206895352976, 0.16854450826068354,
        0.001732423866553439, 2.2279336281975097, 0.10453805582193132,
        0.003231548363395114, 3.341413416363693, 0.20465775692733523,
        0.000564308056595237, 8.246801211605042, 0.31292976182117166,
        0.0021787898684931823, -2.545753880430071, 0.24540421514141628,
        0.05423006830171825, 3.374639782997838, 1.653694148013435,
        3.103933536188934e-34, 9.930765818151812, 4.649446563550529,
        0.00020381456276121645, 9.636678463631355, 0.18476949937864762,
        0.12889344827631546
      ]
    },
    "11": {
      "adjusted_R^2": 0.9592560533325579,
      "burst_range": [175, 747],
      "params": [
        0.022621035227523123, -0.11173000073256847, 0.1719351871456069,
        0.008445808752364914, 0.4708749629673857, 0.03394666997178643,
        0.005401798181275743, 1.7041380165118454, 0.16857650949230346,
        0.0017253992157675267, 2.227872279911696, 0.10428815928742328,
        0.0032123951085922895, 3.341619312714318, 0.20392651735941034,
        0.00023013039164099917, 8.429058756778023, 0.0027590073837812745,
        0.0021795290520838827, -2.545482231358766, 0.24563882540899412,
        0.054231353782012166, 3.3735356671238907, 1.6515743566962247,
        0.00028672164034921336, 8.047963832903307, 0.0024420046147552374,
        0.00012080104103753135, 7.685092839845995, 0.002825710686802047,
        0.00023430444212975534, -5.854818208553734, 0.0014270825527023783,
        0.12864428791667504
      ]
    },
    "12": {
      "adjusted_R^2": 0.9598183166057906,
      "burst_range": [174, 753],
      "params": [
        0.022935868931202755, -0.11403144242041068, 0.17246974435732326,
        0.008598963664657127, 0.4704000817941173, 0.033651304878880794,
        0.0056412985247056655, 1.7003036429014562, 0.1754734650375061,
        0.0015725724339421853, 2.2282414855234975, 0.09404248065265766,
        0.0028041552605563404, 3.338724928764319, 0.18533353965805593,
        0.0006280566551082208, 8.245727847262906, 0.3020983655989183,
        0.0022072022730547916, -2.5458736800180297, 0.24807114394674643,
        0.052716313713973846, 3.3486240273830017, 1.5566600393244006,
        0.0011142187584157988, 6.130854567377612, 0.17281380249126937,
        0.0002062014225284067, 7.457324237225708, 0.003078558208125635,
        0.0002405005731909119, -5.857088630894899, 0.0025777088551339027,
        4.6997242315254644e-5, 9.25954957036522, 2.4588499478202533e-6,
        0.13250876601394374
      ]
    }
  },
  "optimum": "12"
}
