{
  "1": {
    "rsquared": 0.573404839903028,
    "adjusted": 0.5705369732805274,
    "params": [
      2.69598198286947, 268.18559766720995, 46.739799112932786,
      49.999999999503686
    ]
  },
  "2": {
    "rsquared": 0.8901976496548919,
    "adjusted": 0.8888993110528383,
    "params": [
      1.7088779203652558, 331.7434399331806, 42.028411913495006,
      0.8008755022053149, 253.44254081554817, 3.653318955691627,
      11.550989959237139
    ]
  },
  "3": {
    "rsquared": 0.965994993420087,
    "adjusted": 0.9654176588431784,
    "params": [
      1.7803330734353997, 338.10662430381205, 44.68837441550993,
      0.5447390749258084, 256.33328801206426, 4.4967635604964835,
      0.19414358990183653, 271.2591532130284, 1.104019532779093,
      2.540962234781243
    ]
  },
  "4": {
    "rsquared": 0.9779169919159065,
    "adjusted": 0.9774270958321297,
    "params": [
      1.5416852005797976, 344.90974935353427, 40.196400056391816,
      0.5949878431743877, 255.8350477501844, 4.541678155400673,
      0.221696738407222, 271.1154465116498, 1.0046616437611582,
      0.13325825438378944, 304.0595144838071, 5.1096305187647815,
      3.323341341016554
    ]
  },
  "5": {
    "rsquared": 0.9814490946170817,
    "adjusted": 0.9809399788604322,
    "params": [
      1.4295460840837486, 347.0315611694756, 42.15047798273184,
      0.5963405846507956, 255.79988134940606, 4.5274228352818975,
      0.22405591295820565, 271.1068417213661, 0.9978109335115252,
      0.1809567929851645, 305.08939412627836, 7.068097132743623,
      0.07271507366502462, 346.34004125602354, 4.852363704792313,
      3.3919843122127418
    ]
  },
  "6": {
    "rsquared": 0.9849055604448272,
    "adjusted": 0.9844110874249165,
    "params": [
      1.4172933762109496, 347.38743303450315, 41.816360308745296,
      0.5987330264190486, 255.77652555346955, 4.528023756181759,
      0.22540841663817485, 271.1011524918217, 0.9932946222704251,
      0.1867461457313998, 305.0836915051509, 7.222642911027756,
      0.07313372175426973, 346.26384117284323, 4.8548672616077715,
      0.05862379083835418, 191.98583355314383, 6.707647823265817,
      3.4322804671044516
    ]
  },
  "7": {
    "rsquared": 0.9867363949228936,
    "adjusted": 0.9862306768783592,
    "params": [
      1.412758181249906, 347.4494090790109, 42.81235381519619,
      0.5955092101147141, 255.8036063497426, 4.5240090066196705,
      0.22405908586944348, 271.10849085759634, 0.9996148364743986,
      0.14361581963516956, 303.406921684591, 4.485012954938486,
      0.08278052588788888, 346.3764018123477, 5.297024967162773,
      0.05832018615583483, 191.99242087117494, 6.681529162892652,
      0.046328139667703806, 317.1696598165584, 2.8857307385889253,
      3.3877065615654502
    ]
  },
  "8": {
    "rsquared": 0.9876162879726837,
    "adjusted": 0.9870769276927484,
    "params": [
      1.3726622739819707, 346.8379337482448, 40.42462071756858,
      0.6035349653695511, 255.74045201639615, 4.534777194122677,
      0.22805380561469693, 271.0940692809478, 0.9898542517475154,
      0.15054830284514079, 303.30290455035384, 4.6778971435278045,
      0.07299159926067701, 346.2905104417828, 4.855167867189855,
      0.05896935900789699, 191.9706817777149, 6.733878289235477,
      0.04258016288790781, 317.17908645042814, 2.6389906507944185,
      0.03069584407823415, 419.65880486434105, 4.626500439882613,
      3.49470595224232
    ]
  },
  "9": {
    "rsquared": 0.9879881210311894,
    "adjusted": 0.9873990971938397,
    "params": [
      1.3720976723533471, 346.8554999054536, 40.392206154678014,
      0.6035946924817797, 255.7430167610561, 4.536337184740787,
      0.2280928426749487, 271.0949447156153, 0.9912922714367345,
      0.1507458984507273, 303.30401158451485, 4.6850662192372585,
      0.072855617740225, 346.2901750557645, 4.850983385405871,
      0.0442046728344526, 195.2864321391418, 8.96862973181248,
      0.04257841617254835, 317.1834868253811, 2.6384391562534866,
      0.030794750222611453, 419.66260736208113, 4.634834805210933,
      0.017691391726664705, 189.58001922132559, 0.819138428350675,
      3.4906053539316173
    ]
  },
  "10": {
    "rsquared": 0.9879881210346559,
    "adjusted": 0.9873325431333784,
    "params": [
      1.3720967995530864, 346.85546432021806, 40.39214596930332,
      0.6035948234833761, 255.74301656227928, 4.536337720130525,
      0.22809290359692272, 271.094944719675, 0.9912924631188921,
      0.15074592241306362, 303.3040095996894, 4.68506756446208,
      0.07285533075373904, 346.29017930954205, 4.850971960953099,
      0.04420468049230403, 195.28643487432902, 8.968630731998605,
      0.04257829533766736, 317.1834831242699, 2.638433827511487,
      0.030795861171289515, 419.6625986984161, 4.635174659922916,
      0.017691394844881057, 189.58001909463854, 0.819138425597278,
      1.1157488440652253e-7, 29.100047106960858, 21.69197340291931,
      3.4906058342325283
    ]
  },
  "11": {
    "rsquared": 0.987988121034406,
    "adjusted": 0.9872652823001933,
    "params": [
      1.3720970662702956, 346.8554726106126, 40.39216440769686,
      0.6035947765528403, 255.74301674763163, 4.536337593037966,
      0.22809288049630178, 271.09494475365585, 0.9912924432963058,
      0.15074589722523257, 303.30401025803815, 4.685066754753444,
      0.0728554213689635, 346.2901785411089, 4.850976083000941,
      0.04420467796701419, 195.28643409026859, 8.96862997151574,
      0.04257833118111571, 317.18348392231644, 2.6384358441360014,
      0.030795572600652917, 419.66260116548983, 4.635089261254766,
      0.017691392993807203, 189.58001914562468, 0.819138421098262,
      1.1163392483312589e-7, 29.100047106956197, 21.691973402917192,
      5.4929444750104576e-8, 95.90008633963649, 2.5793699191337294,
      3.490605472430865
    ]
  },
  "12": {
    "rsquared": 0.987988121034531,
    "adjusted": 0.9871973033802208,
    "params": [
      1.3720969815006547, 346.85546984163267, 40.3921585524466,
      0.6035947911017987, 255.74301669527867, 4.536337635334375,
      0.22809288760107105, 271.0949447447081, 0.9912924516314362,
      0.15074590430101426, 303.30401005171376, 4.685066991470024,
      0.0728553927520771, 346.29017881307277, 4.85097480842692,
      0.04420467875870086, 195.2864343421267, 8.968630189093417,
      0.0425783197371996, 317.1834836517033, 2.638435223562309,
      0.030795666955143526, 419.6626003714456, 4.635117362512414,
      0.017691393535153206, 189.58001913007135, 0.8191384223221824,
      1.1161514480170945e-7, 29.100047106954833, 21.691973402917593,
      5.490284851896979e-8, 95.90008633963058, 2.579369919136436,
      2.553527352757921e-8, 586.0525218660575, 7.86301469453906,
      3.4906055761039836
    ]
  },
  "13": {
    "rsquared": 0.9879881210335146,
    "adjusted": 0.9871285948105103,
    "params": [
      1.3720960632172783, 346.85544576296394, 40.39209485131387,
      0.6035949650797277, 255.74301583701657, 4.536338009450725,
      0.22809297512917748, 271.09494456556934, 0.9912924516926576,
      0.1507460220634744, 303.30400768421003, 4.685070467263517,
      0.07285507401838702, 346.29018053216237, 4.8509593779091755,
      0.044204687929455054, 195.28643695952212, 8.968633681015314,
      0.04257819793739658, 317.18348146461386, 2.63842759452023,
      0.030796572668651247, 419.66259221424036, 4.635379405886323,
      0.017691401509789217, 189.58001893568772, 0.819138444938332,
      1.1134878384416412e-7, 29.100047106935563, 21.691973402923328,
      5.452916716382909e-8, 95.9000863395465, 2.579369919174741,
      2.5466959033927193e-8, 586.0525218661235, 7.863014694517212,
      1.2548808029334037e-14, 115.76777881741594, 5.260017047656902,
      3.4906072017168093
    ]
  },
  "14": {
    "rsquared": 0.9879881210338499,
    "adjusted": 0.9870591447828707,