{"14": {"rsquared": 0.984905559914559, "params": [1.5311224887033447e-13, 7.0859869083506055e-09, 0.029649303705895136, 4.625826151476912e-11, 46.40024925468663, 2.8431422855094675, 4.596042148917318e-16, 3.1094718337953964e-05, 0.05839369985065446, 7.353002469983304e-29, 196.15372034506962, 100.39542664721992, 0.05862529145103711, 191.98583784283187, 6.707840869206617, 0.5987522696326427, 255.77643889880554, 4.528058062018562, 1.3572755814290807e-09, 73.42042666405828, 6.176988110482794, 0.18683594469460907, 305.0851856109105, 7.226196944161104, 0.07316061537599956, 346.26334963945783, 4.855834117760479, 1.4171429780719582, 347.39213379990395, 41.81497786686586, 0.2254194441348973, 271.10111460106737, 0.9932889094273022, 1.408888529214084e-32, 502.12713594927567, 0.8454553646985694, 6.265547635525746e-30, 519.2473701359638, 15.208577859930376, 8.18773337845891e-21, 0.014721132814884186, 52.210143582166275, 3.4325091831213763]}}