{
  "1": {
    "rsquared": 0.5734048398628794,
    "params": [
      2.695987586338682, 268.1857736251662, 46.74011410214896, 49.99999999681861
    ]
  },
  "2": {
    "rsquared": 0.8901976495342511,
    "params": [
      1.708870158123113, 331.7434492743775, 42.028122120602596,
      0.8008807050067421, 253.44249331140404, 3.6532755193249753,
      11.551163911966267
    ]
  },
  "3": {
    "rsquared": 0.9659949934238434,
    "params": [
      1.7803326346710444, 338.10662973239835, 44.68836132213724,
      0.5447392191622604, 256.3332778129748, 4.49675830384476,
      0.1941438004294877, 271.2591493365702, 1.1040168188790738,
      2.5409763603650073
    ]
  },
  "4": {
    "rsquared": 0.9779169919377346,
    "params": [
      1.5416355245941187, 344.91120507196337, 40.19544093459806,
      0.5949960930178347, 255.8349919364151, 4.54169532055153,
      0.22170169857743624, 271.11543603396535, 1.0046606364449497,
      0.13328959361968098, 304.0601900798876, 5.111354441757255,
      3.32343794156468
    ]
  },
  "5": {
    "rsquared": 0.9814490946042845,
    "params": [
      1.4294664322368331, 347.03404126418724, 42.149695138227464,
      0.5963507840530377, 255.79981162159174, 4.527445441955837,
      0.22406201041389548, 271.1068289902736, 0.9978088221380101,
      0.1810039164157611, 305.0903815494708, 7.070023225593813,
      0.07272817468152715, 346.33981804284434, 4.8527790754023945,
      3.3921058877618346
    ]
  },
  "6": {
    "rsquared": 0.9849055604174909,
    "params": [
      1.417224099896031, 347.3895955300495, 41.815703927387865,
      0.5987415531383123, 255.77646570353647, 4.528039446092544,
      0.2254135963517307, 271.1011409544896, 0.993291837492292,
      0.1867874039675762, 305.0844296481307, 7.224272249996221,
      0.07314602811395313, 346.26361361927167, 4.855319966597767,
      0.05862444875672255, 191.98582882184274, 6.707726545831781,
      3.432387246273764
    ]
  },
  "7": {
    "rsquared": 0.9849055604173012,
    "params": [
      1.4172238253624128, 347.38960359027254, 41.81569838864547,
      0.5987416146031727, 255.77646448601763, 4.5280390784016324,
      0.2254136332115609, 271.10114059671434, 0.9932914336026232,
      0.1867875358814511, 305.08442803362755, 7.224274826306174,
      0.07314605903479876, 346.26361097282086, 4.855320928214681,
      0.0586244520504831, 191.98582740920529, 6.707726318823544,
      2.396798811613183e-10, 66.34280232077549, 4.918994147553114,
      3.4323892882050306
    ]
  },
  "8": {
    "rsquared": 0.9849055604172929,
    "params": [
      1.417223815091079, 347.38960385982966, 41.81569814014244,
      0.5987416164055986, 255.77646446261636, 4.52803907271633,
      0.2254136341601804, 271.1011405900181, 0.9932914224592286,
      0.18678754114700827, 305.08442792705324, 7.224275000115978,
      0.07314605975352423, 346.263610905451, 4.855320954279662,
      0.058624451725172645, 191.98582737932117, 6.707726200442664,
      2.399624613171605e-10, 66.33794289343089, 4.9269480034972215,
      8.364515656022505e-12, 42.71872783533456, 2.3907130315954834,
      3.432389329999983
    ]
  },
  "9": {
    "rsquared": 0.9849055604132159,
    "params": [
      1.4172229216507244, 347.3896313824644, 41.81569362107136,
      0.5987416835314762, 255.7764645870509, 4.528039481598052,
      0.22541368716890908, 271.1011407370673, 0.993291809782585,
      0.18678810927961179, 305.08444783165527, 7.224300672252045,
      0.07314623138779117, 346.26361083234457, 4.855325655882959,
      0.05862446273754097, 191.9858291991559, 6.707728629377425,
      2.58109693476229e-10, 66.59388073924782, 5.037980493501271,
      8.879442802915955e-12, 42.803438870837056, 2.39634457528207,
      6.728479804754057e-18, 8.386625665934844e-6, 0.07241002305026711,
      3.4323890841010787
    ]
  }
}
