{
  "data": {
    "1": {
      "adjusted_R^2": 0.6642934351633789,
      "burst_range": [249, 508],
      "params": [
        1.9672788826302825, 250.97615013433455, 2.9784172797486996,
        49.99999999999999
      ]
    },
    "2": {
      "adjusted_R^2": 0.6649003153934724,
      "burst_range": [248, 508],
      "params": [
        0.8655867556306073, 253.82653539302117, 0.9758052233789019,
        1.1065456660061035, 248.70916523589779, 2.0975229940428908,
        49.99999999999999
      ]
    },
    "3": {
      "adjusted_R^2": 0.9547305044918042,
      "burst_range": [230, 452],
      "params": [
        0.5429419688277325, 256.3447285674496, 4.490773044767587,
        0.19345084560537318, 271.2624612941377, 1.1053059159818892,
        1.789688160990416, 338.18108234086924, 45.07420469955586,
        2.52586415816521
      ]
    },
    "4": {
      "adjusted_R^2": 0.9664191607666487,
      "burst_range": [246, 447],
      "params": [
        0.5923743106059213, 255.85811828587828, 4.53943503286665,
        0.2202670540652161, 271.1210962629831, 1.0085398978893045,
        1.5555915232522586, 344.81260649365197, 40.685384178374804,
        0.12964667645316816, 304.08724552952395, 4.9999124124222005,
        3.284279360403124
      ]
    },
    "5": {
      "adjusted_R^2": 0.9697621704610766,
      "burst_range": [190, 446],
      "params": [
        0.5938184131616716, 255.84211644506584, 4.539055587918703,
        0.22108679885618698, 271.1169120643044, 1.0049192930296638,
        1.548970487481479, 344.95483303173717, 40.48543019383505,
        0.05837345085461846, 192.08812872897448, 6.688713530085991,
        0.132179291395627, 304.0815112703398, 5.082354288340575,
        3.3111799796328123
      ]
    },
    "6": {
      "adjusted_R^2": 0.9732243460522898,
      "burst_range": [247, 452],
      "params": [
        0.4645468688047776, 256.8458539437346, 3.1319597784813586,
        0.23564397941882312, 271.0017594750702, 0.9820738454016951,
        1.405127269834655, 347.83496674329194, 42.09767184844423,
        0.07928702272019492, 346.00705583043504, 5.004201873522947,
        0.1948956578553277, 305.0054760341311, 7.324719335980188,
        0.13320018800901823, 249.46708030499892, 2.369314602556099,
        3.732389725943474
      ]
    },
    "7": {
      "adjusted_R^2": 0.9745293535828077,
      "burst_range": [247, 455],
      "params": [
        0.46530155749113317, 256.8418631383694, 3.133075313049881,
        0.23671674054557199, 271.00216122931533, 0.9852745544473887,
        0.09453801688107591, 346.13778200869507, 5.523088262574076,
        0.15145859719698437, 308.99254135564246, 9.635201843412139,
        0.06787988963071283, 302.4047688710485, 2.890227941731069,
        0.13320689913659425, 249.46063509361062, 2.3663653763701347,
        1.3671901389777597, 349.0054515413867, 42.85042164265171,
        3.7426905331183646
      ]
    },
    "8": {
      "adjusted_R^2": 0.9766795516148084,
      "burst_range": [190, 453],
      "params": [
        0.4642919865935436, 256.84424661457683, 3.1267856540823202,
        0.23612729346538916, 271.0008006768838, 0.9814265617451872,
        0.09939546350722507, 346.0655560609066, 5.849322563168472,
        0.058022920909104506, 191.70385404570956, 6.421216924403347,
        0.21159256509903096, 305.3784271132455, 7.901725017440402,
        0.13357460874577756, 249.472035786371, 2.3690647110885066,
        1.3525012906050953, 348.07451536609796, 42.70562254053984,
        0.01582540719387129, 373.4961668864034, 4.226853466271304,
        3.7441051981637243
      ]
    },
    "9": {
      "adjusted_R^2": 0.9787703545042317,
      "burst_range": [190, 439],
      "params": [
        0.47193960768310583, 256.8433995657221, 3.046999886337431,
        0.25362868431431745, 270.95435575356095, 0.9759720176311208,
        0.2173222374654228, 345.28292177737194, 7.171859716078356,
        0.6478582399488932, 312.9372796023023, 17.824374933044954,
        0.06661496491516372, 302.6897264283127, 2.589691546936215,
        0.15816835091776113, 249.52224405813666, 2.559813141669334,
        0.05919513422856457, 191.55356063292618, 6.429864881153773,
        0.5217279157220246, 369.06894239225284, 17.353534772908876,
        0.15765481089234704, 413.7053469823237, 14.473515944735153,
        4.098503199468645
      ]
    },
    "10": {
      "adjusted_R^2": 0.9760634344036817,
      "burst_range": [248, 439],
      "params": [
        0.452455616319781, 257.359209490504, 3.391458181063419,
        0.16259531647111825, 271.23379245143104, 0.9916765367360884,
        0.09285515002188142, 346.2955214015297, 5.910704829048848,
        0.15319451257790145, 272.29787931923613, 6.527106500531057,
        0.05134528530010471, 303.48818065655973, 2.6963179102375205,
        0.11917343440802593, 249.78845670149536, 2.6307689242909986,
        0.26530148064627185, 307.522062845093, 11.895792826367797,
        1.1477058655240568, 355.21846027497566, 35.0914388258319,
        0.0406940612297711, 420.79149528216544, 5.791824828517976,
        0.011821641945352773, 318.5118367429086, 0.39781068937270914,
        2.3854798806820794
      ]
    },
    "11": {
      "adjusted_R^2": 0.9795023585480267,
      "burst_range": [190, 440],
      "params": [
        0.4171093654971322, 257.27924731550684, 3.15448639341143,
        0.18344181501298665, 271.18075038312713, 1.002725800319715,
        0.0916029103837253, 345.90824885594384, 5.950692356713693,
        0.16690988036590773, 271.6354337091248, 10.032715692741583,
        0.20216084665207218, 303.72617474727036, 5.651805571693385,
        0.1353548641533063, 249.99424644529634, 2.7101016411854033,
        0.038536051185688855, 420.48569775137963, 5.512294824669398,
        0.05961653627257255, 192.74793044894807, 7.154126734796969,
        0.007426842248842688, 327.769608113534, 0.3800756060639935,
        0.06884662948820315, 318.123385639978, 3.51205245829323,
        1.1875649159625197, 353.64835084950977, 36.02390429198331,
        2.7080110881242687
      ]
    },
    "12": {
      "adjusted_R^2": 0.9758277082600332,
      "burst_range": [248, 440],
      "params": [
        0.4228301799111346, 257.3085743370916, 3.218789344139441,
        0.17758658508690017, 271.2003273160175, 1.0086484615107194,
        0.012493077609712777, 328.4268286798668, 1.2303599840406365,
        0.21577798220140826, 273.2782514458136, 10.361667368510966,
        0.01588605016316554, 290.6412572780906, 0.7632568607426167,
        0.13124537523343957, 249.94601372957658, 2.7093971362320954,
        0.1817804599132905, 413.05658285475124, 15.932194193970792,
        0.417421032152847, 344.06528939097956, 10.257465060663591,
        0.04816451410670537, 296.4455240642987, 2.2703585807257523,
        0.15032179946070737, 303.6941899181441, 3.4252490848283297,
        0.4392749823751967, 372.09107065648305, 15.388969251787259,
        0.28459647979348024, 316.67533503734035, 7.383569496221356,
        2.582957548840634
      ]
    },
    "13": {
      "adjusted_R^2": 0.9760031940426406,
      "burst_range": [248, 440],