{"data": {"1": {"initial_params": [0.003209957524565922, 4.7619047646072606e-05, 0.01904761904761905, 0.01904761904761905], "adjusted_R^2": 0.45950406343014405, "burst_range": [301, 576], "params": [0.05057565307958587, -0.24868948361389553, 0.13221706451311188, 0.9523809523809523]}, "2": {"initial_params": [0.003209957524565922, 4.7619047646072606e-05, 0.01904761904761905, 0.0030418489137638664, 0.5333809523809795, 0.01904761904761905, 0.01904761904761905], "adjusted_R^2": 0.47346890186159685, "burst_range": [301, 582], "params": [0.04605214724216448, -0.26765933417150345, 0.12138632511508837, 0.007847954247023474, 0.45757493874051636, 0.0002361302365115374, 0.9523809523809523]}, "3": {"initial_params": [0.003209957524565922, 4.7619047646072606e-05, 0.01904761904761905, 0.0030418489137638664, 0.5333809523809795, 0.01904761904761905, 0.0009641293164651471, 3.4286190476190748, 0.01904761904761905, 0.01904761904761905], "adjusted_R^2": 0.9285886718681371, "burst_range": [296, 681], "params": [0.022255784527437834, -0.10570719837399571, 0.17328386534507886, 0.008096914823481134, 0.4723414154139495, 0.0352120084339009, 0.05714285714285712, 3.0495679990808604, 1.4948241520693413, 0.1178928604906457]}, "4": {"initial_params": [0.003209957524565922, 4.7619047646072606e-05, 0.01904761904761905, 0.0030418489137638664, 0.5333809523809795, 0.01904761904761905, 0.0009641293164651471, 3.4286190476190748, 0.01904761904761905, 0.0012599386869696716, 1.828619047619075, 0.01904761904761905, 0.01904761904761905], "adjusted_R^2": 0.9491250132195547, "burst_range": [300, 694], "params": [0.02294117394692333, -0.1138376935802679, 0.17269648227257667, 0.008554841296679482, 0.47039215422538727, 0.03356526140015633, 0.05714285714285714, 3.3141283460369086, 1.501522697875612, 0.005701401716402573, 1.7275629605879996, 0.2141218356383567, 0.1319061315002922]}, "5": {"initial_params": [0.003209957524565922, 4.7619047646072606e-05, 0.01904761904761905, 0.0030418489137638664, 0.5333809523809795, 0.01904761904761905, 0.0009641293164651471, 3.4286190476190748, 0.01904761904761905, 0.0012599386869696716, 1.828619047619075, 0.01904761904761905, 0.0011971617497599373, 2.304809523809551, 0.01904761904761905, 0.01904761904761905], "adjusted_R^2": 0.9502690256909997, "burst_range": [300, 697], "params": [0.02287500763162653, -0.11218499753382274, 0.17316471820551832, 0.008523225090662716, 0.47084329175838285, 0.03417558025331867, 0.05714285714285714, 3.330821559901313, 1.5194648253894754, 0.005006138771862639, 1.701108582461766, 0.16368864056628957, 0.0010899738825419596, 2.215214918938342, 0.077106882034815, 0.1292169896584748]}, "6": {"initial_params": [0.003209957524565922, 4.7619047646072606e-05, 0.01904761904761905, 0.0030418489137638664, 0.5333809523809795, 0.01904761904761905, 0.0009641293164651471, 3.4286190476190748, 0.01904761904761905, 0.0012599386869696716, 1.828619047619075, 0.01904761904761905, 0.0011971617497599373, 2.304809523809551, 0.01904761904761905, 0.00031529877338654886, 6.057190476190503, 0.01904761904761905, 0.01904761904761905], "adjusted_R^2": 0.9550015180205872, "burst_range": [294, 717], "params": [0.022472378672386644, -0.11056051592245347, 0.17171289006527327, 0.008370508471807427, 0.47112301306067117, 0.03410813268919145, 0.003329313945068622, 3.345430829032133, 0.20976809595774362, 0.005242034537203528, 1.705972917143135, 0.16471187049282676, 0.0017406878127299592, 2.226648241522232, 0.10679371394563276, 0.0547789338230186, 3.3630733379750275, 1.6826807517529563, 0.12670068325780062]}, "7": {"initial_params": [0.003209957524565922, 4.7619047646072606e-05, 0.01904761904761905, 0.0030418489137638664, 0.5333809523809795, 0.01904761904761905, 0.0009641293164651471, 3.4286190476190748, 0.01904761904761905, 0.0012599386869696716, 1.828619047619075, 0.01904761904761905, 0.0011971617497599373, 2.304809523809551, 0.01904761904761905, 0.00031529877338654886, 6.057190476190503, 0.01904761904761905, 0.00033764365049698597, -2.5332857142856873, 0.01904761904761905, 0.01904761904761905], "adjusted_R^2": 0.9585243082651481, "burst_range": [185, 715], "params": [0.02257235495651275, -0.11153546531271459, 0.17176449056554227, 0.00842381986496605, 0.47090234409082654, 0.033922304831463274, 0.003298641353871254, 3.342404991918949, 0.20778828358769247, 0.005367926966907575, 1.7045619216508832, 0.16749405813150006, 0.0017514429176798754, 2.22784466801692, 0.10591321798256068, 0.05438760439310876, 3.374512126885057, 1.6664636820634233, 0.002173644195026881, -2.54578461631383, 0.2448917825670048, 0.12832305011016834]}, "8": {"initial_params": [0.003209957524565922, 4.7619047646072606e-05, 0.01904761904761905, 0.0030418489137638664, 0.5333809523809795, 0.01904761904761905, 0.0009641293164651471, 3.4286190476190748, 0.01904761904761905, 0.0012599386869696716, 1.828619047619075, 0.01904761904761905, 0.0011971617497599373, 2.304809523809551, 0.01904761904761905, 0.00031529877338654886, 6.057190476190503, 0.01904761904761905, 0.00033764365049698597, -2.5332857142856873, 0.01904761904761905, 4.4295742242834925e-05, 8.114333333333361, 0.01904761904761905, 0.01904761904761905], "adjusted_R^2": 0.9585887046110769, "burst_range": [186, 756], "params": [0.022619255178213657, -0.11187513641706687, 0.17185124510051172, 0.008446260825193466, 0.4708321019196277, 0.03387999705641656, 0.003233884167690475, 3.3414415908513386, 0.20476457251291497, 0.005405371790155564, 1.7040343708981622, 0.1685082153291315, 0.001733050661633877, 2.2279293127758875, 0.10458166360051842, 0.054234668601570404, 3.374617127127266, 1.6541086328088934, 0.0021786229348993835, -2.545761464374852, 0.24538354277709742, 0.0005666528845468163, 8.249107993179003, 0.3152579169199208, 0.12888293006185975]}, "9": {"initial_params": [0.003209957524565922, 4.7619047646072606e-05, 0.01904761904761905, 0.0030418489137638664, 0.5333809523809795, 0.01904761904761905, 0.0009641293164651471, 3.4286190476190748, 0.01904761904761905, 0.0012599386869696716, 1.828619047619075, 0.01904761904761905, 0.0011971617497599373, 2.304809523809551, 0.01904761904761905, 0.00031529877338654886, 6.057190476190503, 0.01904761904761905, 0.00033764365049698597, -2.5332857142856873, 0.01904761904761905, 4.4295742242834925e-05, 8.114333333333361, 0.01904761904761905, 0.0001235622852190204, -1.8094761904761636, 0.01904761904761905, 0.01904761904761905], "adjusted_R^2": 0.9588473795507585, "burst_range": [187, 756], "params": [0.022627578414217073, -0.11183062237440927, 0.17191731041128405, 0.008450268668471761, 0.4708505761244545, 0.03392090379979536, 0.0032266071736251297, 3.3412629363815203, 0.2044728685366242, 0.005418376115885618, 1.7039996663861898, 0.16888663548684285, 0.0017337246589581197, 2.2281233941839678, 0.10452616444737095, 0.054194243069799156, 3.3760072392950162, 1.651987148108821, 0.0006694033048116963, -2.6355156738310948, 0.03189403538327255, 0.000568970052046263, 8.248165040041568, 0.3159206149439245, 0.00162311792632796, -2.414897187244254, 0.32757473492792133, 0.1288168562098074]}, "10": {"initial_params": [0.003209957524565922, 4.7619047646072606e-05, 0.01904761904761905, 0.0030418489137638664, 0.5333809523809795, 0.01904761904761905, 0.0009641293164651471, 3.4286190476190748, 0.01904761904761905, 0.0012599386869696716, 1.828619047619075, 0.01904761904761905, 0.0011971617497599373, 2.304809523809551, 0.01904761904761905, 0.00031529877338654886, 6.057190476190503, 0.01904761904761905, 0.00033764365049698597, -2.5332857142856873, 0.01904761904761905, 4.4295742242834925e-05, 8.114333333333361, 0.01904761904761905, 0.0001235622852190204, -1.8094761904761636, 0.01904761904761905, 0.0002204477022775919, 7.504809523809551, 0.01904761904761905, 0.01904761904761905], "adjusted_R^2": 0.9595946862966747, "burst_range": [187, 734],